ko,mn9_R,mn9_L,n_active,d_mn9,d_pct,root_id,cell_type,cell_class,super_class,side,top_nt,base_spikes,lit_name,is_input,is_target
129625,171,115,402,122,74.4,720575940640589171,DNge031,,descending,left,gaba,157,,False,False
138332,0,67,393,-97,-59.1,720575940660219265,CB0701,brain_motor_neuron,motor,right,acetylcholine,99,,False,True
4477,73,16,355,-75,-45.7,720575940607272649,CB0553,,central,right,acetylcholine,66,roundup,False,False
34268,103,0,377,-61,-37.2,720575940618238523,CB0701,brain_motor_neuron,motor,left,acetylcholine,65,,False,True
59455,67,40,349,-57,-34.8,720575940623211725,CB0553,,central,left,acetylcholine,67,roundup,False,False
99361,83,37,366,-44,-26.8,720575940630579574,CB0177,,central,left,acetylcholine,55,,False,False
45977,79,44,365,-41,-25.0,720575940620874757,CB0616,,central,left,acetylcholine,98,G2N_1,False,False
108071,79,55,382,-30,-18.3,720575940632365905,CB0051,,central,left,acetylcholine,33,sternum,False,False
77410,117,75,389,28,17.1,720575940626626597,CB0896,,central,left,glutamate,30,,False,False
126600,82,54,365,-28,-17.1,720575940639198653,LB3,gustatory,sensory,left,acetylcholine,164,,True,False
111357,82,55,384,-27,-16.5,720575940633143833,LB3,gustatory,sensory,left,acetylcholine,143,,True,False
76757,126,65,381,27,16.5,720575940626495746,CB0419,,central,right,gaba,34,,False,False
40815,94,43,348,-27,-16.5,720575940619877396,DNge059,,descending,right,acetylcholine,99,,False,False
69113,105,85,387,26,15.9,720575940624966840,CB0465,,central,left,gaba,27,,False,False
84763,89,49,364,-26,-15.9,720575940627847752,DNge080,,descending,left,acetylcholine,46,rounddown,False,False
4690,85,54,384,-25,-15.2,720575940607451081,DNge101,,descending,left,gaba,32,,False,False
78626,98,41,373,-25,-15.2,720575940626835146,CB0277,,central,left,acetylcholine,85,,False,False
11303,112,76,388,24,14.6,720575940611436408,CB0791,,central,left,acetylcholine,28,,False,False
24594,86,54,374,-24,-14.6,720575940615671106,DNge059,,descending,left,acetylcholine,108,,False,False
133372,115,73,392,24,14.6,720575940644653348,DNge031,,descending,right,gaba,47,,False,False
137753,86,55,361,-23,-14.0,720575940655014049,AN_GNG_30,AN,ascending,left,acetylcholine,63,clavicle,False,False
18204,88,53,377,-23,-14.0,720575940613687789,CB0449,,central,right,gaba,44,,False,False
68763,111,76,381,23,14.0,720575940624906483,CB0791,,central,right,acetylcholine,41,,False,False
82138,119,68,391,23,14.0,720575940627383685,CB0248,,central,left,gaba,158,billiards/specter,False,False
126804,113,74,387,23,14.0,720575940639285949,CB0480,,central,left,gaba,96,,False,False
7420,88,54,373,-22,-13.4,720575940609407939,DNge080,,descending,right,acetylcholine,49,rounddown,False,False
106730,80,62,378,-22,-13.4,720575940632047890,CB0393,,central,left,acetylcholine,90,,False,False
69608,108,77,390,21,12.8,720575940625047484,CB0087,,central,left,gaba,58,,False,False
43649,90,54,383,-20,-12.2,720575940620474278,CB0865,,central,right,gaba,9,,False,False
19388,87,57,377,-20,-12.2,720575940614128691,CB0437,,central,left,acetylcholine,30,,False,False
45484,109,75,362,20,12.2,720575940620780272,CB0559,,central,right,acetylcholine,27,,False,False
86065,110,74,377,20,12.2,720575940628070419,CB0331,,central,right,acetylcholine,1,,False,False
41549,107,77,402,20,12.2,720575940620031366,CB0853,,central,left,glutamate,60,,False,False
91221,91,54,365,-19,-11.6,720575940628972048,CB0542,,central,left,acetylcholine,51,,False,False
66614,89,56,385,-19,-11.6,720575940624484796,DNge106,,descending,left,acetylcholine,66,,False,False
106277,108,75,372,19,11.6,720575940631959097,DNge042,,descending,left,acetylcholine,59,,False,False
89577,110,72,380,18,11.0,720575940628676457,CB0892,,central,left,dopamine,35,hound,False,False
96614,115,67,385,18,11.0,720575940630034231,CB0704,,central,right,glutamate,28,,False,False
92443,109,73,386,18,11.0,720575940629207963,CB0302,,central,right,acetylcholine,40,,False,False
49147,91,55,392,-18,-11.0,720575940621422518,CB0460,,central,right,gaba,18,,False,False
108426,88,58,372,-18,-11.0,720575940632425919,LB3,gustatory,sensory,left,acetylcholine,148,,True,False
49025,113,69,374,18,11.0,720575940621399899,CB0821,,central,left,gaba,58,tentacular,False,False
135908,111,71,391,18,11.0,720575940647518340,CB0460,,central,left,gaba,52,,False,False
121841,113,69,381,18,11.0,720575940637144944,CB0190,,central,left,acetylcholine,2,,False,False
91350,93,54,383,-17,-10.4,720575940628997123,CB0762,brain_motor_neuron,motor,right,glutamate,12,,False,False
36190,110,71,371,17,10.4,720575940618696989,CB0964,,central,left,gaba,27,,False,False
4353,89,58,379,-17,-10.4,720575940607193986,CB0845,brain_motor_neuron,motor,right,acetylcholine,48,,False,False
93460,110,71,385,17,10.4,720575940629421415,CB0778,,central,right,glutamate,3,,False,False
39185,107,73,373,16,9.8,720575940619473624,CB0559,,central,left,acetylcholine,32,,False,False
54568,107,73,381,16,9.8,720575940622348156,CB2385,,central,left,acetylcholine,14,,False,False
60858,114,66,385,16,9.8,720575940623453959,CB0030,,central,left,gaba,31,,False,False
65664,106,74,382,16,9.8,720575940624310857,CB0117,,central,right,acetylcholine,10,,False,False
100662,89,59,383,-16,-9.8,720575940630806267,ENS2,unknown_sensory,sensory,right,glutamate,68,,False,False
15635,114,66,391,16,9.8,720575940612906518,CB0480,,central,right,gaba,95,,False,False
51107,114,66,374,16,9.8,720575940621754367,LB3,gustatory,sensory,left,acetylcholine,137,,True,False
31315,93,55,384,-16,-9.8,720575940617552057,CB0807,,central,right,gaba,47,,False,False
31094,110,70,380,16,9.8,720575940617494877,CB0811,,central,right,acetylcholine,2,,False,False
80293,85,63,386,-16,-9.8,720575940627099338,DNge062,,descending,left,acetylcholine,41,,False,False
89930,91,57,373,-16,-9.8,720575940628743752,MN10,brain_motor_neuron,motor,right,acetylcholine,133,,False,False
70286,114,66,375,16,9.8,720575940625175054,CB2403,,central,left,acetylcholine,79,,False,False
103226,96,52,377,-16,-9.8,720575940631283267,DNge018,,descending,right,acetylcholine,30,,False,False
82300,92,56,388,-16,-9.8,720575940627410451,CB0858,brain_motor_neuron,motor,left,acetylcholine,29,,False,False
9645,100,79,383,15,9.1,720575940610677828,DNge051,,descending,left,gaba,58,,False,False
3938,90,59,385,-15,-9.1,720575940606852018,CB0358,,central,left,gaba,12,,False,False
75726,110,69,385,15,9.1,720575940626289021,CB0865,,central,left,gaba,12,,False,False
4622,110,69,387,15,9.1,720575940607386290,CB0473,,central,left,acetylcholine,20,,False,False
31627,89,60,377,-15,-9.1,720575940617629841,CB0863,,central,left,gaba,51,,False,False
31058,88,61,385,-15,-9.1,720575940617488477,CB0853,,central,right,glutamate,10,,False,False
91358,96,53,380,-15,-9.1,720575940628998659,CB0789,brain_motor_neuron,motor,left,acetylcholine,13,,False,False
121152,105,73,371,14,8.5,720575940636828334,CB0467,,central,left,acetylcholine,1,,False,False
92298,94,56,383,-14,-8.5,720575940629176663,LB3,gustatory,sensory,left,acetylcholine,163,,True,False
59358,108,70,380,14,8.5,720575940623192781,CB0889,,central,right,gaba,22,,False,False
124039,99,79,373,14,8.5,720575940638103349,CB0499,,central,left,acetylcholine,108,rattle,False,False
95222,92,58,398,-14,-8.5,720575940629778554,MNx01,brain_motor_neuron,motor,right,glutamate,199,,False,False
92585,110,68,391,14,8.5,720575940629239934,CB0005,,central,left,gaba,12,,False,False
129730,88,63,380,-13,-7.9,720575940640649691,LB3,gustatory,sensory,left,acetylcholine,163,,True,False
42717,90,61,377,-13,-7.9,720575940620274085,CB0055,,central,left,gaba,101,,False,False
119469,97,79,395,12,7.3,720575940636053678,CB0419,,central,left,gaba,71,,False,False
122819,95,57,373,-12,-7.3,720575940637578853,CB0863,,central,right,gaba,30,,False,False
59450,96,56,382,-12,-7.3,720575940623210445,AN_GNG_21,AN,ascending,left,acetylcholine,70,,False,False
103820,103,73,385,12,7.3,720575940631406411,CB0781,,central,left,gaba,42,,False,False
97602,106,70,376,12,7.3,720575940630233916,LB3,gustatory,sensory,left,acetylcholine,133,,True,False
12494,94,58,382,-12,-7.3,720575940611875570,LB3,gustatory,sensory,left,acetylcholine,169,,True,False
8403,108,68,388,12,7.3,720575940610001220,DNge173,,descending,left,acetylcholine,1,bract,False,False
100605,105,71,382,12,7.3,720575940630797113,LB3,gustatory,sensory,left,acetylcholine,121,,True,False
59441,107,69,383,12,7.3,720575940623209165,CB0707,,central,right,acetylcholine,65,,False,False
49584,107,69,373,12,7.3,720575940621502051,LB3,gustatory,sensory,left,acetylcholine,127,,True,False
111697,112,64,378,12,7.3,720575940633218444,DNge023,,descending,right,acetylcholine,42,,False,False
99945,103,72,380,11,6.7,720575940630683385,CB0801,,central,right,gaba,118,,False,False
55678,94,59,382,-11,-6.7,720575940622552675,CB0009,,central,right,gaba,1,,False,False
56459,106,69,387,11,6.7,720575940622695448,CB0248,,central,right,gaba,177,billiards/specter,False,False
110469,94,59,382,-11,-6.7,720575940632889389,LB3,gustatory,sensory,left,acetylcholine,157,,True,False
22854,105,70,386,11,6.7,720575940615153494,CB0416,,central,right,acetylcholine,2,,False,False
23354,106,69,374,11,6.7,720575940615296818,CB0548,,central,left,acetylcholine,25,,False,False
30625,105,70,387,11,6.7,720575940617373268,DNge098,,descending,right,gaba,5,,False,False
133843,92,61,380,-11,-6.7,720575940645045527,DNge174,,descending,left,acetylcholine,4,bract,False,False
99836,104,71,406,11,6.7,720575940630667372,CB0449,,central,left,gaba,48,,False,False
58997,96,57,380,-11,-6.7,720575940623137818,CB0836,brain_motor_neuron,motor,right,serotonin,2,,False,False
79616,105,70,371,11,6.7,720575940626993694,DNge007,,descending,left,acetylcholine,27,,False,False
11600,97,56,392,-11,-6.7,720575940611548878,CB0801,,central,left,gaba,95,,False,False
72154,100,75,380,11,6.7,720575940625580988,CB0919,,central,left,acetylcholine,41,,False,False
76624,92,61,379,-11,-6.7,720575940626468178,CB0176,,central,right,glutamate,19,,False,False
102663,108,66,384,10,6.1,720575940631179831,CB0892,,central,right,dopamine,8,,False,False
100750,96,58,384,-10,-6.1,720575940630820919,CB0855,,central,right,acetylcholine,47,,False,False
94498,106,68,382,10,6.1,720575940629623351,CB0922,,central,left,acetylcholine,4,,False,False
9507,96,58,382,-10,-6.1,720575940610611246,CB0208,,central,right,glutamate,26,,False,False
130674,95,59,385,-10,-6.1,720575940641366517,CB0008,,central,right,gaba,64,usnea,False,False
89422,105,69,391,10,6.1,720575940628648809,CB0832,,central,left,glutamate,60,,False,False
52605,96,58,382,-10,-6.1,720575940622027222,DNge046,,descending,right,gaba,6,,False,False
10133,109,65,373,10,6.1,720575940610916465,AN_GNG_PRW_2,AN,ascending,right,gaba,33,,False,False
134185,95,59,383,-10,-6.1,720575940645352814,DNge040,,descending,left,glutamate,5,,False,False
2007,108,66,383,10,6.1,720575940605658033,DNge125,,descending,right,acetylcholine,22,,False,False
36318,108,66,391,10,6.1,720575940618726171,CB0067,,central,left,gaba,12,,False,False
24441,93,61,385,-10,-6.1,720575940615623867,CB0182,,central,left,gaba,9,,False,False
41383,94,60,384,-10,-6.1,720575940620001360,VES018,,central,right,gaba,1,,False,False
48187,96,58,385,-10,-6.1,720575940621261296,CB0493,,central,right,acetylcholine,30,,False,False
24757,109,65,380,10,6.1,720575940615715003,DNg96,,descending,right,glutamate,2,,False,False
116741,105,68,382,9,5.5,720575940635055039,CB0615,,central,left,acetylcholine,46,,False,False
131471,96,59,385,-9,-5.5,720575940642335373,CB0444,,central,left,gaba,10,,False,False
51263,105,68,390,9,5.5,720575940621777390,CB0030,,central,right,gaba,21,,False,False
14415,100,55,383,-9,-5.5,720575940612537061,CB0358,,central,right,gaba,12,,False,False
72418,97,58,373,-9,-5.5,720575940625641402,DNge018,,descending,left,acetylcholine,4,,False,False
99817,96,59,377,-9,-5.5,720575940630664556,CB1366,,central,left,gaba,25,,False,False
9257,95,60,377,-9,-5.5,720575940610482883,CB3958,,central,center,serotonin,61,,False,False
90589,103,70,371,9,5.5,720575940628853239,LB3,gustatory,sensory,left,acetylcholine,140,,True,False
117349,100,55,379,-9,-5.5,720575940635239672,CB0262,,central,right,serotonin,46,kelp,False,False
126527,96,59,386,-9,-5.5,720575940639170723,DNde002,,descending,right,acetylcholine,2,,False,False
41254,96,59,378,-9,-5.5,720575940619973712,CB0118,,central,left,gaba,137,,False,False
135583,101,72,387,9,5.5,720575940647033396,AN_GNG_PRW_2,AN,ascending,left,gaba,34,,False,False
75279,102,71,379,9,5.5,720575940626191306,CB0445,,central,left,acetylcholine,122,,False,False
80204,106,67,387,9,5.5,720575940627086594,CB0035,,central,left,acetylcholine,23,,False,False
8797,104,69,388,9,5.5,720575940610231509,DNg90,,descending,left,gaba,10,,False,False
79646,104,69,388,9,5.5,720575940626999464,CB0704,,central,left,glutamate,19,,False,False
38145,107,65,380,8,4.9,720575940619173534,CB0919,,central,right,acetylcholine,16,,False,False
21518,101,55,369,-8,-4.9,720575940614763666,CB0366,,central,left,acetylcholine,95,FMIn,False,False
21384,93,63,381,-8,-4.9,720575940614730914,DNg75,,descending,left,acetylcholine,14,,False,False
115694,105,67,380,8,4.9,720575940634645600,CB4055,,central,left,acetylcholine,131,,False,False
94214,103,69,384,8,4.9,720575940629561347,CB0845,brain_motor_neuron,motor,right,acetylcholine,21,,False,False
3498,108,64,386,8,4.9,720575940606607234,DNge040,,descending,right,glutamate,22,,False,False
137751,91,65,379,-8,-4.9,720575940655013025,CB3797,,central,left,acetylcholine,51,,False,False
90296,103,69,383,8,4.9,720575940628802069,CB0880,,central,left,acetylcholine,7,,False,False
117156,99,73,370,8,4.9,720575940635179871,DNg103,,descending,left,gaba,73,,False,False
10689,102,70,381,8,4.9,720575940611164770,CB0226,,central,right,acetylcholine,14,,False,False
63947,98,58,373,-8,-4.9,720575940624023188,CB0824,,central,left,acetylcholine,30,,False,False
99878,99,57,367,-8,-4.9,720575940630674038,CB0525,,central,left,acetylcholine,21,,False,False
103521,103,69,386,8,4.9,720575940631340815,CB3892b,,central,center,gaba,21,,False,False
100978,107,65,388,8,4.9,720575940630868793,CB0700,brain_motor_neuron,motor,right,glutamate,221,tinctoria,False,False
111968,105,67,388,8,4.9,720575940633293025,DNge065,,descending,left,gaba,20,,False,False
42781,108,64,385,8,4.9,720575940620292116,CB0866,,central,left,gaba,10,,False,False
118938,102,70,388,8,4.9,720575940635839077,CB0436,,central,left,gaba,4,,False,False
119737,98,58,381,-8,-4.9,720575940636165624,CB0708,brain_motor_neuron,motor,left,acetylcholine,42,,False,False
33909,107,65,382,8,4.9,720575940618165019,CB0700,brain_motor_neuron,motor,left,acetylcholine,231,tinctoria,False,False
8840,94,62,381,-8,-4.9,720575940610258552,CB0603,,central,left,acetylcholine,34,,False,False
136637,99,73,379,8,4.9,720575940649829241,DNge051,,descending,right,gaba,56,,False,False
137208,102,70,382,8,4.9,720575940652580086,CB0020,,central,left,gaba,123,,False,False
105062,107,65,382,8,4.9,720575940631662648,DNge106,,descending,right,acetylcholine,5,,False,False
15574,100,56,383,-8,-4.9,720575940612888178,CB0911,brain_motor_neuron,motor,right,acetylcholine,40,,False,False
106477,99,57,386,-8,-4.9,720575940631994728,CB0721,,central,left,gaba,2,,False,False
106500,106,66,387,8,4.9,720575940631999080,MNx01,brain_motor_neuron,motor,right,glutamate,71,,False,False
49678,99,57,379,-8,-4.9,720575940621519130,DNa16,,descending,right,acetylcholine,1,,False,False
106485,102,54,361,-8,-4.9,720575940631997032,CB0038,,central,left,acetylcholine,56,Fdg,False,False
84662,95,62,390,-7,-4.3,720575940627828296,CB0885,,central,left,acetylcholine,8,,False,False
84372,102,69,383,7,4.3,720575940627779983,CB0603,,central,right,acetylcholine,21,,False,False
78866,107,64,386,7,4.3,720575940626870846,CB0736,,central,left,acetylcholine,9,,False,False
11131,109,62,388,7,4.3,720575940611366058,CB2065,,central,left,acetylcholine,9,,False,False
95360,98,59,377,-7,-4.3,720575940629804158,CB0827,,central,left,glutamate,5,,False,False
7413,109,62,385,7,4.3,720575940609405635,CB0538,,central,left,glutamate,30,,False,False
13391,107,64,384,7,4.3,720575940612208858,CB0792,,central,right,gaba,3,,False,False
99821,93,64,383,-7,-4.3,720575940630665210,DNg28,,descending,left,gaba,19,,False,False
14047,108,63,385,7,4.3,720575940612423922,CB0889,,central,left,gaba,79,,False,False
14630,98,59,380,-7,-4.3,720575940612603289,DNg75,,descending,right,acetylcholine,2,,False,False
100960,98,59,381,-7,-4.3,720575940630865724,CB0871,brain_motor_neuron,motor,left,acetylcholine,80,,False,False
103568,100,71,384,7,4.3,720575940631349335,CB0573,,central,right,dopamine,68,,False,False
69920,106,65,349,7,4.3,720575940625102692,CB0883,,central,left,acetylcholine,55,,False,False
133525,105,66,385,7,4.3,720575940644758308,DNge046,,descending,left,gaba,6,mothership,False,False
131580,101,70,386,7,4.3,720575940642428045,CB1093,,central,left,acetylcholine,73,,False,False
121314,100,57,378,-7,-4.3,720575940636895406,CB0262,,central,left,dopamine,35,kelp,False,False
26115,97,60,382,-7,-4.3,720575940616103218,CB0062,,central,left,gaba,90,phantom,False,False
18900,102,69,375,7,4.3,720575940613943215,CB2403,,central,right,acetylcholine,29,,False,False
10654,101,70,375,7,4.3,720575940611151406,CB0287,,central,left,acetylcholine,13,,False,False
73625,107,64,383,7,4.3,720575940625867056,CB0573,,central,left,dopamine,58,,False,False
2058,109,62,378,7,4.3,720575940605682790,ENS2,unknown_sensory,sensory,right,acetylcholine,31,,False,False
133765,105,65,379,6,3.7,720575940644968215,CB0202,,central,right,acetylcholine,5,,False,False
117255,101,69,386,6,3.7,720575940635211115,CB0865,,central,right,gaba,10,,False,False
43697,101,57,381,-6,-3.7,720575940620481240,CB0408,,central,right,gaba,52,,False,False
8391,105,65,381,6,3.7,720575940609993284,CB0331,,central,left,acetylcholine,25,,False,False
121117,107,63,379,6,3.7,720575940636809646,CB0465,,central,right,gaba,21,,False,False
67293,104,66,388,6,3.7,720575940624623287,CB0847,,central,left,glutamate,44,,False,False
128299,99,71,388,6,3.7,720575940639972816,ENS2,unknown_sensory,sensory,left,glutamate,45,,False,False
107201,104,66,389,6,3.7,720575940632159519,CB0561,,central,right,glutamate,17,,False,False
17064,99,59,371,-6,-3.7,720575940613347299,DNge042,,descending,right,acetylcholine,30,,False,False
106088,98,60,386,-6,-3.7,720575940631918649,CB0055,,central,right,gaba,89,,False,False
68709,102,56,383,-6,-3.7,720575940624897516,DNg105,,descending,left,acetylcholine,36,web,False,False
73599,94,64,391,-6,-3.7,720575940625861660,CB0740,,central,left,gaba,38,,False,False
102610,105,65,384,6,3.7,720575940631168057,DNg60,,descending,left,gaba,9,bluebell,False,False
1811,104,66,383,6,3.7,720575940605513649,DNg90,,descending,right,gaba,10,,False,False
10355,102,68,387,6,3.7,720575940611015122,CB0192,,central,right,acetylcholine,6,,False,False
6931,101,69,385,6,3.7,720575940609133269,CB0568,,central,right,gaba,30,,False,False
43049,99,59,377,-6,-3.7,720575940620346673,CB0267,,central,right,gaba,9,,False,False
21091,98,60,384,-6,-3.7,720575940614660519,CB0461,,central,right,dopamine,15,justice,False,False
118578,99,59,386,-6,-3.7,720575940635696279,CB0704,,central,left,glutamate,18,,False,False
79471,101,68,373,5,3.0,720575940626972056,CB0070,,central,right,gaba,25,,False,False
70308,102,57,369,-5,-3.0,720575940625178768,CB0902,,central,left,acetylcholine,21,,False,False
13607,101,58,387,-5,-3.0,720575940612289010,CB0212,,central,left,serotonin,20,kelp,False,False
98888,101,58,384,-5,-3.0,720575940630488540,CB0866,,central,right,gaba,21,,False,False
89992,101,68,370,5,3.0,720575940628755815,CB0890,,central,left,gaba,72,foxglove,False,False
89150,103,66,381,5,3.0,720575940628598121,CB4055,,central,left,acetylcholine,149,,False,False
84582,97,62,379,-5,-3.0,720575940627814728,CB0278,,central,left,acetylcholine,3,,False,False
75822,96,63,410,-5,-3.0,720575940626308697,CB0761,,central,left,glutamate,28,,False,False
127069,101,58,386,-5,-3.0,720575940639425112,DNge007,,descending,right,acetylcholine,43,,False,False
107572,100,69,382,5,3.0,720575940632252743,CB0493,,central,left,acetylcholine,63,,False,False
14917,98,61,373,-5,-3.0,720575940612692633,CB0799,,central,left,acetylcholine,66,,False,False
14770,104,65,384,5,3.0,720575940612648106,DNg67,,descending,left,acetylcholine,11,fudog,False,False
100460,101,58,369,-5,-3.0,720575940630771449,CB0799,,central,right,acetylcholine,23,,False,False
62876,98,61,377,-5,-3.0,720575940623847181,CB0337,,central,right,gaba,1,,False,False
88331,104,65,385,5,3.0,720575940628446010,CB0021,,central,right,gaba,21,,False,False
72790,97,62,386,-5,-3.0,720575940625705930,CB0484,,central,left,gaba,69,,False,False
35701,102,67,385,5,3.0,720575940618574749,DNg35,,descending,left,acetylcholine,40,,False,False
22351,101,58,380,-5,-3.0,720575940615023535,DNge062,,descending,right,acetylcholine,7,,False,False
124291,100,59,367,-5,-3.0,720575940638202345,LB3,gustatory,sensory,left,acetylcholine,175,,True,False
115981,105,64,388,5,3.0,720575940634756203,CB0072,,central,right,gaba,2,,False,False
112271,105,64,382,5,3.0,720575940633373651,CB0885,,central,right,acetylcholine,10,,False,False
111912,95,64,376,-5,-3.0,720575940633277209,CB0118,,central,right,gaba,96,,False,False
109395,99,60,373,-5,-3.0,720575940632648612,CB0008,,central,left,gaba,116,usnea,False,False
43642,98,61,384,-5,-3.0,720575940620473547,DNge098,,descending,left,gaba,22,,False,False
39548,101,58,384,-5,-3.0,720575940619588568,CB0964,,central,left,gaba,25,,False,False
122795,98,61,373,-5,-3.0,720575940637568838,LB3,gustatory,sensory,left,acetylcholine,131,,True,False
135578,97,62,365,-5,-3.0,720575940647030324,CB0038,,central,right,acetylcholine,8,Fdg,False,False
8401,104,55,376,-5,-3.0,720575940610000964,CB1093,,central,right,acetylcholine,29,,False,False
45602,97,62,389,-5,-3.0,720575940620805046,CB3797,,central,right,acetylcholine,9,,False,False
50597,95,64,386,-5,-3.0,720575940621667693,DNg28,,descending,left,gaba,16,,False,False
101321,97,62,379,-5,-3.0,720575940630931999,PS279,,central,right,glutamate,23,,False,False
53905,104,65,381,5,3.0,720575940622235425,CB0484,,central,right,gaba,69,,False,False
107818,103,57,384,-4,-2.4,720575940632307025,DNg49,,descending,left,gaba,1,,False,False
109717,103,57,380,-4,-2.4,720575940632722515,CB0676,,central,left,acetylcholine,1,,False,False
39904,100,68,384,4,2.4,720575940619671616,CB0897,,central,left,acetylcholine,37,,False,False
42220,98,62,371,-4,-2.4,720575940620170887,CB0246,,central,right,acetylcholine,40,,False,False
114893,101,59,379,-4,-2.4,720575940634301852,CB0781,,central,right,gaba,30,,False,False
35268,101,67,378,4,2.4,720575940618472261,CB0707,,central,left,acetylcholine,95,,False,False
42700,105,63,385,4,2.4,720575940620271636,CB0362,,central,right,acetylcholine,3,,False,False
36839,98,62,378,-4,-2.4,720575940618859480,CB0137,,central,left,acetylcholine,3,,False,False
123999,96,64,387,-4,-2.4,720575940638088262,PS116,,central,right,glutamate,12,,False,False
22452,100,68,388,4,2.4,720575940615052812,CB0078,,central,left,acetylcholine,14,,False,False
18857,100,68,380,4,2.4,720575940613929391,DNg38,,descending,left,glutamate,30,,False,False
118933,103,65,383,4,2.4,720575940635837887,CB0204,,central,left,gaba,7,,False,False
8482,100,60,385,-4,-2.4,720575940610054980,CB0724,,central,left,gaba,131,,False,False
130780,99,61,373,-4,-2.4,720575940641480949,DNg16,,descending,right,acetylcholine,18,,False,False
137750,106,54,388,-4,-2.4,720575940655011489,CB0233,,central,left,acetylcholine,4,,False,False
90454,103,65,389,4,2.4,720575940628826128,CB0858,brain_motor_neuron,motor,right,acetylcholine,39,,False,False
67186,108,60,379,4,2.4,720575940624600840,CB0219,,central,left,glutamate,11,,False,False
69593,107,61,365,4,2.4,720575940625045180,CB0910,,central,right,acetylcholine,146,,False,False
101593,105,63,383,4,2.4,720575940630980559,DNg28,,descending,right,octopamine,7,,False,False
60250,97,63,390,-4,-2.4,720575940623352063,CB0911,brain_motor_neuron,motor,left,acetylcholine,100,,False,False
49771,101,67,382,4,2.4,720575940621538142,CB0833,,central,left,gaba,38,tundra,False,False
14485,98,62,390,-4,-2.4,720575940612558061,CB0740,,central,right,gaba,31,,False,False
105286,98,62,380,-4,-2.4,720575940631714119,CB0698,,central,right,gaba,12,,False,False
73668,104,64,390,4,2.4,720575940625875504,,,central,right,glutamate,128,tinctoria,False,False
8252,102,58,389,-4,-2.4,720575940609915204,CB0807,,central,left,gaba,44,,False,False
84569,106,62,371,4,2.4,720575940627812168,DNg47,,descending,left,acetylcholine,3,,False,False
86342,105,63,376,4,2.4,720575940628114684,AN_GNG_68,AN,ascending,left,gaba,75,,False,False
80349,102,58,382,-4,-2.4,720575940627107271,ENS2,unknown_sensory,sensory,left,acetylcholine,41,,False,False
97917,98,62,382,-4,-2.4,720575940630291767,DNge046,,descending,left,gaba,3,,False,False
10680,101,67,382,4,2.4,720575940611160930,CB0890,,central,right,gaba,29,foxglove,False,False
11604,95,65,385,-4,-2.4,720575940611549902,CB0881,,central,left,gaba,20,,False,False
3959,105,63,385,4,2.4,720575940606866377,DNg103,,descending,right,gaba,82,,False,False
135576,100,61,383,-3,-1.8,720575940647029044,DNg105,,descending,right,acetylcholine,17,,False,False
6365,105,62,384,3,1.8,720575940608735241,DNg38,,descending,right,gaba,27,,False,False
6070,98,69,387,3,1.8,720575940608498780,CB0896,,central,right,glutamate,29,,False,False
93650,100,61,376,-3,-1.8,720575940629459718,PS051,,central,right,gaba,11,,False,False
95389,100,61,372,-3,-1.8,720575940629810748,CB0871,brain_motor_neuron,motor,right,glutamate,73,,False,False
83905,102,59,386,-3,-1.8,720575940627704392,CB0370,,central,right,gaba,11,kitty,False,False
138334,100,61,386,-3,-1.8,720575940660220289,DNge143,,descending,left,gaba,4,,False,False
18357,103,64,385,3,1.8,720575940613743569,CB0494,,central,left,dopamine,2,,False,False
14842,97,64,380,-3,-1.8,720575940612670570,LB3,gustatory,sensory,left,acetylcholine,138,,True,False
8666,99,62,381,-3,-1.8,720575940610173048,DNg28,,descending,right,acetylcholine,1,,False,False
16042,102,65,388,3,1.8,720575940613004402,ENS2,unknown_sensory,sensory,left,glutamate,52,,False,False
95808,93,68,366,-3,-1.8,720575940629888530,CB0192,,central,left,acetylcholine,144,,False,False
102292,105,56,381,-3,-1.8,720575940631108303,CB0867,,central,left,gaba,11,,False,False
74842,103,58,384,-3,-1.8,720575940626094350,CB0762,brain_motor_neuron,motor,right,acetylcholine,4,,False,False
80186,101,60,383,-3,-1.8,720575940627083294,CB0473,,central,right,acetylcholine,7,,False,False
75691,102,59,381,-3,-1.8,720575940626279742,CB0604,,central,left,acetylcholine,29,,False,False
109178,96,65,357,-3,-1.8,720575940632602532,CB0246,,central,left,acetylcholine,64,,False,False
109721,104,63,392,3,1.8,720575940632722771,DNg31,,descending,left,acetylcholine,54,,False,False
111577,104,63,381,3,1.8,720575940633195148,CB0836,brain_motor_neuron,motor,left,acetylcholine,4,,False,False
107061,104,63,392,3,1.8,720575940632118156,CB4055,,central,right,acetylcholine,144,,False,False
107801,103,64,388,3,1.8,720575940632304711,MNx01,brain_motor_neuron,motor,right,glutamate,60,,False,False
59535,99,62,383,-3,-1.8,720575940623224555,CB0413,,central,right,gaba,1,,False,False
57121,102,65,380,3,1.8,720575940622810153,MN10,brain_motor_neuron,motor,left,acetylcholine,102,,False,False
53184,102,65,391,3,1.8,720575940622116705,CB0070,,central,left,gaba,68,,False,False
47052,97,64,386,-3,-1.8,720575940621057702,CB0865,,central,left,gaba,12,,False,False
115193,100,61,387,-3,-1.8,720575940634428058,DNge043,,descending,right,gaba,4,,False,False
32863,100,61,371,-3,-1.8,720575940617937543,LB3,gustatory,sensory,left,acetylcholine,172,,True,False
131603,97,64,389,-3,-1.8,720575940642449909,DNge125,,descending,left,acetylcholine,43,,False,False
133247,100,61,382,-3,-1.8,720575940644542880,DNge023,,descending,left,acetylcholine,65,,False,False
117657,97,64,383,-3,-1.8,720575940635360924,CB0708,brain_motor_neuron,motor,right,acetylcholine,121,,False,False
28757,102,65,383,3,1.8,720575940616864217,CB0839,,central,left,gaba,50,,False,False
28756,102,65,384,3,1.8,720575940616864086,CB0788,,central,right,glutamate,42,,False,False
118220,99,68,384,3,1.8,720575940635578303,CB0855,,central,left,acetylcholine,44,,False,False
38151,99,62,375,-3,-1.8,720575940619176094,CB0251,,central,left,acetylcholine,1,,False,False
48680,99,62,375,-3,-1.8,720575940621345012,CB0548,,central,right,acetylcholine,1,,False,False
112031,103,64,392,3,1.8,720575940633308371,PS100,,central,left,glutamate,12,,False,False
112057,103,64,370,3,1.8,720575940633316563,CB0226,,central,left,acetylcholine,13,,False,False
107125,103,59,380,-2,-1.2,720575940632134227,CB3813,,central,left,gaba,8,fluff,False,False
78573,97,65,382,-2,-1.2,720575940626826288,CB0219,,central,right,glutamate,5,,False,False
105237,99,63,370,-2,-1.2,720575940631703608,CB0872,,central,left,acetylcholine,29,,False,False
51221,99,67,390,2,1.2,720575940621771041,CB0438,,central,left,gaba,5,,False,False
67714,104,62,386,2,1.2,720575940624710653,CB0543,,central,right,gaba,1,broom,False,False
75686,101,65,380,2,1.2,720575940626278974,CB0494,,central,right,dopamine,6,seagull,False,False
45081,102,60,383,-2,-1.2,720575940620714150,DNge046,,descending,right,gaba,7,mothership,False,False
45970,104,62,371,2,1.2,720575940620873793,CB0574,,central,right,acetylcholine,12,,False,False
111524,106,56,371,-2,-1.2,720575940633185567,CB0762,brain_motor_neuron,motor,left,acetylcholine,72,,False,False
49083,98,64,372,-2,-1.2,720575940621411749,CB0574,,central,left,acetylcholine,1,,False,False
14227,98,64,385,-2,-1.2,720575940612479205,CB0225,,central,left,gaba,11,,False,False
8297,105,61,389,2,1.2,720575940609939780,CB0087,,central,right,gaba,15,,False,False
133845,103,59,385,-2,-1.2,720575940645047831,DNg16,,descending,left,acetylcholine,13,,False,False
132100,103,63,378,2,1.2,720575940643112333,CB0676,,central,right,acetylcholine,11,,False,False
25084,96,66,382,-2,-1.2,720575940615811670,CB0247,,central,right,acetylcholine,4,,False,False
116149,103,59,372,-2,-1.2,720575940634825623,CB0848,,central,left,acetylcholine,7,,False,False
13840,101,61,386,-2,-1.2,720575940612357618,CB0393,,central,right,acetylcholine,16,,False,False
126599,98,64,386,-2,-1.2,720575940639198397,CB0072,,central,left,gaba,22,,False,False
69093,102,60,376,-2,-1.2,720575940624963786,LB3,gustatory,sensory,left,acetylcholine,135,,True,False
72940,99,63,395,-2,-1.2,720575940625737776,CB0788,,central,left,glutamate,42,,False,False
90385,103,59,384,-2,-1.2,720575940628815381,,,central,left,glutamate,11,,False,False
99198,100,62,381,-2,-1.2,720575940630548751,CB0041,,central,right,glutamate,4,hyacinth,False,False
91364,104,62,380,2,1.2,720575940629000783,CB0416,,central,left,acetylcholine,18,,False,False
138337,100,66,384,2,1.2,720575940660224641,CB0459,,central,left,gaba,7,,False,False
12790,105,58,383,-1,-0.6,720575940611988197,CB0117,,central,left,acetylcholine,6,,False,False
1379,102,61,383,-1,-0.6,720575940605161388,ENS2,unknown_sensory,sensory,left,glutamate,6,,False,False
9522,99,64,378,-1,-0.6,720575940610621026,CB0671,,central,right,glutamate,1,,False,False
8798,102,61,384,-1,-0.6,720575940610232274,CB0110,,central,left,glutamate,13,gnome,False,False
44807,96,67,383,-1,-0.6,720575940620673985,CB0821,,central,right,gaba,55,tentacular,False,False
111258,100,65,382,1,0.6,720575940633116256,PS172,,central,left,glutamate,11,,False,False
49984,101,64,382,1,0.6,720575940621573030,CB0847,,central,right,glutamate,22,,False,False
106322,100,65,382,1,0.6,720575940631967506,CB0005,,central,right,gaba,1,,False,False
110668,101,62,385,-1,-0.6,720575940632936332,CB0561,,central,left,glutamate,27,,False,False
56016,100,63,383,-1,-0.6,720575940622624214,CB0434,,central,left,acetylcholine,6,sink_sync,False,False
122330,104,61,387,1,0.6,720575940637360730,CB3813,,central,right,gaba,10,fluff,False,False
95396,103,60,376,-1,-0.6,720575940629812346,DNde002,,descending,left,acetylcholine,5,,False,False
64769,100,65,388,1,0.6,720575940624163303,CB3916,,central,center,gaba,2,trident,False,False
12910,101,64,377,1,0.6,720575940612036837,DNg96,,descending,left,glutamate,35,,False,False
15828,100,63,382,-1,-0.6,720575940612952557,CB0704,,central,right,glutamate,27,,False,False
126873,98,65,376,-1,-0.6,720575940639332736,LB3,gustatory,sensory,left,acetylcholine,153,,True,False
23353,99,64,378,-1,-0.6,720575940615296766,PS279,,central,right,glutamate,11,,False,False
18141,99,64,385,-1,-0.6,720575940613670893,CB0413,,central,left,gaba,21,,False,False
127887,100,63,384,-1,-0.6,720575940639786915,CB0302,,central,left,acetylcholine,50,,False,False
29281,98,65,380,-1,-0.6,720575940617000768,LB3,gustatory,sensory,left,acetylcholine,157,,True,False
24296,104,59,385,-1,-0.6,720575940615582111,CB2191,,central,left,gaba,1,,False,False
37888,106,57,367,-1,-0.6,720575940619114048,CB0824,,central,right,acetylcholine,29,,False,False
41514,98,65,386,-1,-0.6,720575940620025620,MN10,brain_motor_neuron,motor,right,acetylcholine,71,,False,False
31475,105,58,375,-1,-0.6,720575940617593233,CB0501,,central,left,acetylcholine,68,,False,False
25808,101,64,386,1,0.6,720575940616018956,CB0568,,central,left,gaba,103,,False,False
42985,102,63,379,1,0.6,720575940620335269,CB0724,,central,right,gaba,104,,False,False
55274,107,58,384,1,0.6,720575940622474899,CB0212,,central,right,serotonin,5,kelp,False,False
73665,100,63,379,-1,-0.6,720575940625874992,CB0910,,central,left,acetylcholine,128,,False,False
138335,100,63,395,-1,-0.6,720575940660223873,CB0247,,central,left,acetylcholine,69,,False,False
61000,102,61,384,-1,-0.6,720575940623478115,CB0009,,central,left,gaba,13,,False,False
4963,99,65,383,0,0.0,720575940607689394,cL22a,,visual_centrifugal,left,gaba,10,,False,False
4625,99,65,384,0,0.0,720575940607387314,CB0501,,central,right,acetylcholine,0,,False,False
3159,99,65,383,0,0.0,720575940606391218,PS279,,central,left,glutamate,1,,False,False
136476,100,64,388,0,0.0,720575940648864633,CB0110,,central,right,glutamate,9,gnome,False,False
95621,99,65,383,0,0.0,720575940629855787,cL22a,,visual_centrifugal,right,gaba,11,,False,False
56699,99,65,384,0,0.0,720575940622734106,CB2191,,central,right,gaba,0,,False,False
138339,103,61,388,0,0.0,720575940660229505,DNg31,,descending,right,gaba,49,,False,False
91339,99,65,384,0,0.0,720575940628995331,CB0811,,central,left,acetylcholine,0,,False,False
135625,99,65,383,0,0.0,720575940647081860,PS279,,central,left,glutamate,2,,False,False
81725,99,65,384,0,0.0,720575940627312668,CB1366,,central,right,gaba,0,,False,False
86426,99,65,383,0,0.0,720575940628129129,CB0213,,central,left,glutamate,5,planter,False,False
85370,99,65,383,0,0.0,720575940627949626,PS116,,central,left,acetylcholine,1,,False,False
47604,99,65,383,0,0.0,720575940621148948,cL20,,visual_centrifugal,right,gaba,12,,False,False
47427,99,65,384,0,0.0,720575940621119367,CB0272,,central,left,acetylcholine,0,,False,False
45293,99,65,384,0,0.0,720575940620746478,PS100,,central,right,gaba,0,,False,False
110751,99,65,384,0,0.0,720575940632962786,DNa16,,descending,left,acetylcholine,0,,False,False
51643,99,65,384,0,0.0,720575940621835174,CB0202,,central,left,acetylcholine,0,,False,False
58597,99,65,383,0,0.0,720575940623072013,LT37,,visual_centrifugal,right,gaba,12,,False,False
49406,102,62,380,0,0.0,720575940621468404,CB0045,,central,right,acetylcholine,11,spirit,False,False
50072,100,64,392,0,0.0,720575940621586854,CB0762,brain_motor_neuron,motor,left,acetylcholine,73,,False,False
106445,99,65,384,0,0.0,720575940631989352,CB0851,,central,left,gaba,0,,False,False
114650,99,65,387,0,0.0,720575940634210155,CB0177,,central,right,acetylcholine,2,,False,False
113018,99,65,378,0,0.0,720575940633612698,CB0088,,central,right,dopamine,39,,False,False
43180,103,61,370,0,0.0,720575940620374693,CB0778,,central,left,gaba,25,,False,False
117103,99,65,384,0,0.0,720575940635166571,DNg60,,descending,right,gaba,0,bluebell,False,False
36624,100,64,383,0,0.0,720575940618800064,VES043,,central,right,glutamate,3,,False,False
31806,99,65,383,0,0.0,720575940617672920,PS172,,central,right,glutamate,1,,False,False
33683,99,65,383,0,0.0,720575940618116569,cL20,,visual_centrifugal,left,gaba,1,,False,False
120111,99,65,384,0,0.0,720575940636346487,CB0811,,central,left,acetylcholine,0,,False,False
118796,99,65,383,0,0.0,720575940635771316,PS051,,central,left,gaba,1,,False,False
28825,98,66,380,0,0.0,720575940616885538,LB3,gustatory,sensory,left,acetylcholine,133,,True,False
27383,99,65,381,0,0.0,720575940616466260,CB0832,,central,right,glutamate,63,,False,False
33841,99,65,383,0,0.0,720575940618153105,LT37,,visual_centrifugal,left,gaba,1,,False,False
21989,99,65,383,0,0.0,720575940614909506,DNge123,,descending,right,glutamate,1,,False,False
123034,99,65,384,0,0.0,720575940637656286,CB0811,,central,right,acetylcholine,0,,False,False
20460,99,65,384,0,0.0,720575940614465478,CB0047,,central,left,gaba,0,,False,False
15166,100,64,384,0,0.0,720575940612766515,PS279,,central,right,glutamate,11,,False,False
14543,99,65,384,0,0.0,720575940612574435,CB0436,,central,right,gaba,0,,False,False
127882,99,65,384,0,0.0,720575940639785379,CB0421,,central,left,acetylcholine,0,,False,False
123363,99,65,383,0,0.0,720575940637790527,CB0130,,central,left,acetylcholine,1,,False,False
9913,96,68,373,0,0.0,720575940610803554,CB0538,,central,right,glutamate,35,,False,False
130887,99,65,384,0,0.0,720575940641585627,CB0671,,central,left,glutamate,0,,False,False
132645,105,59,394,0,0.0,720575940643867296,CB4058,,central,center,gaba,78,,False,False
132392,99,65,383,0,0.0,720575940643543496,CB0204,,central,right,gaba,2,,False,False
