ko,sugar,sugar_bitter,diff,p,q,bitter_specific
129625,75.3,101.5,26.2,0.001839353087289097,0.014944743834223912,True
45977,-15.9,-41.3,-25.4,3.288169842525038e-08,2.137310397641275e-06,True
26115,-7.1,-29.8,-22.7,6.966430002308237e-06,0.0002264089750750177,True
99361,-21.7,-42.1,-20.4,6.771341272157224e-05,0.0008802743653804391,True
106730,-16.0,-32.6,-16.6,0.0007408413622624224,0.006879241221008208,True
135908,7.8,-7.3,-15.0,0.0028421931130819464,0.02052695026114739,True
4477,-46.8,-61.7,-14.8,4.145724085836392e-05,0.0007158622907657375,True
137753,-6.2,-20.7,-14.5,4.405306404712231e-05,0.0007158622907657375,True
105237,-1.8,-15.9,-14.1,0.00026083902952131786,0.00282575615314761,True
63947,-11.0,-24.9,-13.9,0.0045581919975455675,0.026934770894587446,True
126804,13.9,26.6,12.7,0.013000628992500015,0.05633605896750006,False
69113,17.2,5.6,-11.5,0.00414375689690076,0.026934419829854943,True
95808,1.5,-10.0,-11.5,0.045958357927009474,0.13699073846590182,False
108071,-10.8,-21.8,-11.0,0.009838377080421174,0.045678179301955446,True
14917,0.2,-10.3,-10.5,0.005281302493887618,0.0286070551752246,True
59455,-38.4,-48.8,-10.4,0.006136195635036232,0.03068097817518116,True
91221,-6.4,-16.7,-10.4,0.03340824512270472,0.1206408851653226,False
133372,14.4,5.1,-9.4,0.027919661306618083,0.10675164617236327,False
49025,10.9,2.1,-8.8,0.04160646505114709,0.13699073846590182,False
11303,11.8,3.1,-8.7,0.10607775784353844,0.23776049171827582,False
28757,5.5,-3.0,-8.5,0.06971198765544787,0.18125116790416446,False
77410,17.9,9.6,-8.3,0.06659987248491714,0.1803746546466506,False
43697,-0.6,-8.7,-8.1,0.059807152933599006,0.169020214812345,False
4622,6.7,-1.3,-8.0,0.04446104596720863,0.13699073846590182,False
96614,2.8,-5.0,-7.8,0.025733361764383768,0.10454178216780906,False
121841,2.4,-5.2,-7.6,0.0785363992518731,0.19634099812968275,False
78626,-16.5,-23.6,-7.1,0.10515683966598288,0.23776049171827582,False
4690,-3.0,-10.1,-7.1,0.1835776032048863,0.36159224873689727,False
37888,-3.6,-10.5,-7.0,0.04636609609615139,0.13699073846590182,False
89577,3.9,-3.0,-6.9,0.1377876675100786,0.28938546734376985,False
7420,-10.5,-5.2,5.3,0.08205964854212117,0.19755100574955098,False
84569,5.2,0.0,-5.2,0.2782523170329317,0.4759579107142253,False
28345,0.0,-5.1,-5.1,0.13801460750241332,0.28938546734376985,False
24594,-16.6,-21.7,-5.1,0.1654782185251313,0.33612763137917295,False
79616,0.9,-3.9,-4.8,0.29686723370472845,0.4824092547701837,False
84763,-15.0,-19.6,-4.6,0.22512460836973094,0.4064749873342364,False
92443,3.3,-1.1,-4.4,0.24372318076849045,0.42816234459329405,False
69608,9.3,13.5,4.2,0.40902777236720095,0.6330191715206681,False
105286,-1.3,-5.5,-4.2,0.2948463788781341,0.4824092547701837,False
44807,5.6,1.4,-4.2,0.4050474936968336,0.6330191715206681,False
59450,-6.3,-10.0,-3.8,0.21798779257012285,0.4048344719159424,False
82138,7.7,11.0,3.3,0.5419008251467763,0.7827456363231213,False
42985,1.2,-2.0,-3.2,0.4342288336342043,0.6563924229354251,False
72154,-0.9,-3.9,-2.9,0.5054214964665384,0.7466453925073864,False
131580,2.1,-0.5,-2.7,0.5988893329975288,0.8282512052093484,False
86065,2.6,0.0,-2.6,0.21759347292922443,0.4048344719159424,False
76757,10.4,7.8,-2.6,0.6257601246391401,0.8473835021155023,False
66614,0.2,-2.2,-2.3,0.576120976551686,0.8140839886056433,False
18204,-2.9,-5.0,-2.1,0.6768219426078311,0.8798685253901805,False
41549,9.3,7.6,-1.7,0.7280093787120923,0.8810011505955422,False
119737,-0.7,-2.3,-1.6,0.656730470440137,0.8711730730328348,False
68763,17.2,18.7,1.5,0.7541782573899214,0.8810011505955422,False
69920,2.0,0.7,-1.3,0.7698823097921172,0.8810011505955422,False
112057,1.0,-0.3,-1.3,0.7578645422067878,0.8810011505955422,False
106485,-8.0,-9.3,-1.3,0.7686573251999846,0.8810011505955422,False
18357,-0.9,-2.1,-1.2,0.7725702397530139,0.8810011505955422,False
116149,-0.1,-1.1,-1.0,0.8125114867046695,0.9105732178586814,False
45484,2.0,2.8,0.9,0.875148054364825,0.9325348120280923,False
91350,3.3,2.4,-0.9,0.7568318775609449,0.8810011505955422,False
49147,1.9,1.1,-0.8,0.847600250826457,0.9184952364908063,False
113018,2.1,1.5,-0.7,0.8478417567607444,0.9184952364908063,False
106277,3.7,4.2,0.5,0.9098968824001253,0.936979108932608,False
19388,0.7,0.3,-0.4,0.9225640457182602,0.936979108932608,False
43649,0.3,0.0,-0.3,0.9166931175908305,0.936979108932608,False
40815,-14.8,-14.5,0.2,0.9549107991844794,0.9549107991844794,False
