ko,p2_n,p2_d_pct,p2_ci_lo,p2_ci_hi,p2_p,p2_q,p2_sig,root_id,cell_type,top_nt,d_pct
129625,10,101.5,87.8,115.2,4.270914055832717e-08,6.940235340728164e-07,True,720575940640589171,DNge031,gaba,77.4
4477,10,-61.7,-66.7,-56.7,4.640981270265731e-10,3.016637825672725e-08,True,720575940607272649,CB0553,acetylcholine,-65.3
59455,10,-48.8,-54.7,-42.9,1.60823873155752e-08,3.4845172517079597e-07,True,720575940623211725,CB0553,acetylcholine,-54.8
99361,10,-42.1,-48.2,-35.9,8.421513828109624e-08,1.094796797654251e-06,True,720575940630579574,CB0177,acetylcholine,-38.7
45977,10,-41.3,-45.9,-36.7,8.459423458894036e-09,2.749312624140562e-07,True,720575940620874757,CB0616,acetylcholine,-51.6
106730,10,-32.6,-39.8,-25.5,2.850727328197264e-06,2.3162159541602768e-05,True,720575940632047890,CB0393,acetylcholine,-44.4
26115,10,-29.8,-36.2,-23.3,2.627886651765541e-06,2.3162159541602768e-05,True,720575940616103218,CB0062,gaba,-43.5
126804,10,26.6,18.4,34.8,4.343670813103186e-05,0.00029231138364347285,True,720575940639285949,CB0480,gaba,17.7
63947,10,-24.9,-33.0,-16.9,6.146298957912747e-05,0.0003631903929675714,True,720575940624023188,CB0824,acetylcholine,-41.1
78626,10,-23.6,-32.2,-14.9,0.0001653034305444207,0.0007163148656924896,True,720575940626835146,CB0277,acetylcholine,-46.0
108071,10,-21.8,-29.1,-14.4,8.640006511003822e-05,0.0004680003526793737,True,720575940632365905,CB0051,acetylcholine,-37.9
24594,10,-21.7,-28.5,-15.0,4.497098209899582e-05,0.00029231138364347285,True,720575940615671106,DNge059,acetylcholine,-32.3
137753,10,-20.7,-24.5,-16.8,6.783202741476862e-07,7.348469636599934e-06,True,720575940655014049,AN_GNG_30,acetylcholine,-30.6
84763,10,-19.6,-26.7,-12.5,0.00014598624042546282,0.0006777932591182203,True,720575940627847752,DNge080,acetylcholine,-35.5
68763,10,18.7,9.7,27.7,0.0010816484207084771,0.004394196709128188,True,720575940624906483,CB0791,acetylcholine,7.3
91221,10,-16.7,-24.8,-8.6,0.0011564303671450409,0.004421645521436921,True,720575940628972048,CB0542,acetylcholine,-28.2
105237,10,-15.9,-21.6,-10.3,0.0001327043852638181,0.0006635219263190905,True,720575940631703608,CB0872,acetylcholine,-20.2
40815,10,-14.5,-22.3,-6.8,0.002104823177639818,0.007600750363699342,True,720575940619877396,DNge059,acetylcholine,-29.0
69608,10,13.5,5.3,21.7,0.004883187812805993,0.014427600356017707,True,720575940625047484,CB0087,gaba,-5.6
82138,10,11.0,0.7,21.3,0.038223812272907456,0.08999443717946896,False,720575940627383685,CB0248,gaba,-3.2
37888,10,-10.5,-16.4,-4.7,0.002773437629349548,0.008620647890180362,True,720575940619114048,CB0824,acetylcholine,-19.4
14917,10,-10.3,-16.0,-4.6,0.00278513239528904,0.008620647890180362,True,720575940612692633,CB0799,acetylcholine,-22.6
4690,10,-10.1,-19.3,-0.9,0.03421693831525345,0.08896403961965897,False,720575940607451081,DNge101,gaba,-19.4
59450,10,-10.0,-15.5,-4.6,0.0024792948206930772,0.008481798070792107,True,720575940623210445,AN_GNG_21,acetylcholine,-19.4
95808,10,-10.0,-19.7,-0.4,0.043722885667296,0.094732918945808,False,720575940629888530,CB0192,acetylcholine,-21.0
77410,10,9.6,3.0,16.2,0.009337735936390885,0.026389253733278585,True,720575940626626597,CB0896,glutamate,-8.1
106485,10,-9.3,-16.8,-1.7,0.021783884704077123,0.05899802107354221,False,720575940631997032,CB0038,acetylcholine,-25.0
43697,10,-8.7,-16.8,-0.6,0.038766834477309706,0.08999443717946896,False,720575940620481240,CB0408,gaba,-23.4
76757,10,7.8,-1.6,17.3,0.0937173896299707,0.17567967030094903,False,720575940626495746,CB0419,gaba,0.0
41549,10,7.6,-0.9,16.1,0.07266125523179946,0.14759317468959265,False,720575940620031366,CB0853,glutamate,-4.8
135908,10,-7.3,-15.6,1.1,0.0800129404407128,0.15760124632261613,False,720575940647518340,CB0460,gaba,3.2
69113,10,5.6,0.5,10.8,0.03597649037773874,0.08994122594434685,False,720575940624966840,CB0465,gaba,0.8
105286,10,-5.5,-11.1,0.1,0.05345156880164215,0.11207587006795935,False,720575940631714119,CB0698,gaba,-18.5
121841,10,-5.2,-13.4,3.0,0.18525289973722464,0.31687996007683167,False,720575940637144944,CB0190,acetylcholine,-23.4
7420,10,-5.2,-10.1,-0.3,0.04089673077165673,0.09166508621233405,False,720575940609407939,DNge080,acetylcholine,-12.9
28345,10,-5.1,-12.3,2.0,0.13801460750241332,0.24245809426099635,False,720575940616759014,CB0638,acetylcholine,-21.0
133372,10,5.1,-1.6,11.7,0.12001724606599953,0.2166978053969436,False,720575940644653348,DNge031,gaba,-11.3
96614,10,-5.0,-11.0,1.0,0.09459674554666486,0.17567967030094903,False,720575940630034231,CB0704,glutamate,-13.7
18204,10,-5.0,-14.0,4.0,0.24293880857178918,0.3947755639291574,False,720575940613687789,CB0449,gaba,-10.5
106277,10,4.2,-3.2,11.5,0.2306601340707257,0.38443355678454283,False,720575940631959097,DNge042,acetylcholine,6.5
79616,10,-3.9,-12.2,4.4,0.314894115589919,0.47600273286848216,False,720575940626993694,DNge007,acetylcholine,-20.2
72154,10,-3.9,-11.9,4.2,0.30568643346559005,0.4730861470300798,False,720575940625580988,CB0919,acetylcholine,-21.0
11303,10,3.1,-7.2,13.5,0.5133526535890676,0.6951650517351956,False,720575940611436408,CB0791,acetylcholine,-4.0
89577,10,-3.0,-11.5,5.6,0.45372832570996297,0.6411378515466868,False,720575940628676457,CB0892,dopamine,-10.5
28757,10,-3.0,-11.6,5.6,0.4512431644140973,0.6411378515466868,False,720575940616864217,CB0839,gaba,-26.6
45484,10,2.8,-7.3,12.9,0.5432293320671064,0.7206103384563657,False,720575940620780272,CB0559,acetylcholine,-4.8
91350,10,2.4,-2.0,6.9,0.24917142729700056,0.3950278725440253,False,720575940628997123,CB0762,glutamate,0.0
119737,10,-2.3,-9.6,5.0,0.4992963124463759,0.6905161767875412,False,720575940636165624,CB0708,acetylcholine,-21.0
66614,10,-2.2,-8.3,3.9,0.43833404283901006,0.6411378515466868,False,720575940624484796,DNge106,acetylcholine,-14.5
18357,10,-2.1,-10.6,6.4,0.5876203830644077,0.7345254788305096,False,720575940613743569,CB0494,dopamine,-29.0
49025,10,2.1,-5.6,9.7,0.5558040432074564,0.7225452561696933,False,720575940621399899,CB0821,gaba,-10.5
42985,10,-2.0,-9.9,5.8,0.5742191769040681,0.7318479705640083,False,720575940620335269,CB0724,gaba,-20.2
113018,10,1.5,-5.7,8.6,0.6574654875129158,0.8063255978931986,False,720575940633612698,CB0088,dopamine,-18.5
44807,10,1.4,-8.8,11.7,0.7620397163068335,0.8540100268955892,False,720575940620673985,CB0821,gaba,-25.8
4622,10,-1.3,-8.1,5.6,0.6861890783400759,0.8259683350389803,False,720575940607386290,CB0473,acetylcholine,-21.8
92443,10,-1.1,-8.0,5.9,0.7387531412247523,0.8424377926247176,False,720575940629207963,CB0302,acetylcholine,-11.3
116149,10,-1.1,-8.1,5.9,0.7325174244422735,0.8424377926247176,False,720575940634825623,CB0848,acetylcholine,-19.4
49147,10,1.1,-5.8,8.1,0.7184970609446399,0.8424377926247176,False,720575940621422518,CB0460,gaba,-16.1
69920,10,0.7,-6.5,7.9,0.8289493979365167,0.9132493367097217,False,720575940625102692,CB0883,acetylcholine,-21.8
131580,10,-0.5,-10.6,9.6,0.9065444458707048,0.9760636174256851,False,720575940642428045,CB1093,acetylcholine,-20.2
112057,10,-0.3,-8.4,7.8,0.9317305411815406,0.9768142770451637,False,720575940633316563,CB0226,acetylcholine,-25.0
19388,10,0.3,-6.3,6.9,0.9159981640456429,0.9760636174256851,False,720575940614128691,CB0437,acetylcholine,-10.5
86065,10,0.0,0.0,0.0,1.0,1.0,False,,,,
43649,10,0.0,0.0,0.0,1.0,1.0,False,,,,
84569,10,0.0,-9.0,9.1,0.9962041149271886,1.0,False,720575940627812168,DNg47,acetylcholine,-21.0
