ko,mean,p,n,q65,q400,sig400,cell_type,side
129625,104.13908263317903,1.3550997272040491e-07,9,2.2424639115470018e-06,1.386877680679838e-05,True,DNge031,left
4477,-61.25772110703133,6.412735702544608e-09,9,4.1682782066539953e-07,2.5779197524229324e-06,True,CB0553,right
59455,-48.1036191838444,1.379977791721232e-07,9,2.2424639115470018e-06,1.386877680679838e-05,True,CB0553,left
99361,-42.423814971242244,6.115211232988351e-07,9,7.949774602884857e-06,4.9166298313226345e-05,True,CB0177,left
45977,-40.140311956269045,2.6102560409199364e-08,9,8.483332132989793e-07,5.246614642249072e-06,True,CB0616,left
106730,-31.338749673585376,1.0861335863759334e-05,9,8.824835389304459e-05,0.0005457821271539065,True,CB0393,left
26115,-28.222390690738205,6.2571523122272655e-06,9,5.8102128613538893e-05,0.00035933931850219437,True,CB0062,left
126804,27.599600012516806,0.00010387914216619803,9,0.0007502382489780969,0.0046399350167568455,True,CB0480,left
63947,-23.13373085725864,0.0001428499702088804,9,0.0008738868631627895,0.005404654138329868,True,CB0824,left
78626,-21.061143616931847,0.00018676973076893965,9,0.0009338486538446983,0.005775494751470287,True,CB0277,left
24594,-20.582122606145,0.00014788854607370285,9,0.0008738868631627895,0.005404654138329868,True,DNge059,left
68763,19.973318783553978,0.0014158572647387565,9,0.005385949791012608,0.03331002793826259,True,CB0791,right
108071,-19.96642627548927,0.0001648065390904036,9,0.0008927020867396862,0.00552101905952852,True,CB0051,left
137753,-19.564707727700377,8.168019605116823e-07,9,8.848687905543225e-06,5.472573135428271e-05,True,AN_GNG_30,left
84763,-17.869706184886574,0.00026640509527777064,9,0.001236880799503935,0.007649632021547414,True,DNge080,left
69608,15.612945054982564,0.0014914937882804147,9,0.005385949791012608,0.03331002793826259,True,CB0087,left
105237,-15.467916490722022,0.0005029610306452157,9,0.0021794977994626014,0.013479355621291779,True,CB0872,left
91221,-15.45035143701708,0.003266578523359919,9,0.011175137053599724,0.06911392454687829,False,CB0542,left
40815,-12.92981850081744,0.0049109012896098,9,0.01596042919123185,0.09870911592115698,False,DNge059,right
82138,12.603034372283279,0.029362227708867955,9,0.07634179204305667,0.4721446215585967,False,CB0248,left
77410,11.53321376561265,0.0013501592196048394,9,0.005385949791012608,0.03331002793826259,True,CB0896,left
37888,-9.57032419857395,0.007262005158794058,9,0.020523058057461466,0.12692722060153092,False,CB0824,right
4690,-9.106188927418417,0.07203237739770603,9,0.15607015102836305,0.9652338571292608,False,DNge101,left
59450,-9.005007147696562,0.0061762503460608435,9,0.018248012386088856,0.11285693814165723,False,AN_GNG_21,left
41549,8.980055571740358,0.04952698546182543,9,0.11497335910780902,0.7110660055590651,False,CB0853,left
14917,-8.956426579157338,0.00561545125456032,9,0.017381158645067656,0.10749578115872614,False,CB0799,left
95808,-8.823709209260153,0.09084711340778877,9,0.17854068109658922,1.0,False,CB0192,left
76757,8.700351968539916,0.09339051011206205,9,0.17854068109658922,1.0,False,CB0419,right
135908,-8.455628519530796,0.06300335213472286,9,0.14121440995713747,0.8733568123502962,False,CB0460,left
106485,-7.519235879951503,0.0461990942762822,9,0.11122004177623492,0.6878531814468682,False,CB0038,left
43697,-7.027967478957698,0.08416080975617428,9,0.17646621400488155,1.0,False,CB0408,right
133372,6.870569184846613,0.02909083365067014,9,0.07634179204305667,0.4721446215585967,False,DNge031,right
69113,6.183478251629534,0.03798574594810828,9,0.0949643648702707,0.587318071966905,False,CB0465,left
44807,4.438510697708946,0.2729557125366289,9,0.44355303287202197,1.0,False,CB0821,right
18204,-4.36603053085544,0.35018596126329854,9,0.505824166269209,1.0,False,CB0449,right
7420,-4.32089006767346,0.08870604408003946,9,0.17854068109658922,1.0,False,DNge080,right
105286,-4.056722799003769,0.10882484843733205,9,0.20210328995504523,1.0,False,CB0698,right
96614,-4.00354146588169,0.18669687137850088,9,0.32124452425973965,1.0,False,CB0704,right
106277,3.9223841773332375,0.31013800771554084,9,0.4688132674769803,1.0,False,DNge042,left
11303,3.9096250921611864,0.46035368381265385,9,0.623395613496302,1.0,False,CB0791,left
113018,3.6794185261410237,0.18515022320834262,9,0.32124452425973965,1.0,False,CB0088,right
45484,3.673286504848202,0.47514297448583187,9,0.6302917008485525,1.0,False,CB0559,right
49025,3.4699068299166465,0.3446580654848566,9,0.505824166269209,1.0,False,CB0821,left
28345,-3.3715125953093983,0.28219314264636247,9,0.4463910436285814,1.0,False,CB0638,right
69920,3.209215517087129,0.18780449110569394,9,0.32124452425973965,1.0,False,CB0883,left
121841,-3.164427376600726,0.37265768997514603,9,0.5153776563486062,1.0,False,CB0190,left
49147,3.066291041666453,0.2884372897292372,9,0.4463910436285814,1.0,False,CB0460,right
91350,2.7012665740903503,0.251520992842655,9,0.4192016547377583,1.0,False,CB0762,right
112057,2.428560633910493,0.36893203487164944,9,0.5153776563486062,1.0,False,CB0226,left
84569,2.351508239164597,0.5362168956054348,9,0.6970819642870653,1.0,False,DNg47,left
89577,-2.1257536995336332,0.6201828138608534,9,0.7514201954007237,1.0,False,CB0892,left
79616,-2.102319078607512,0.5726664597142531,9,0.7189336380336953,1.0,False,DNge007,left
72154,-1.9671910405898976,0.5751469104269562,9,0.7189336380336953,1.0,False,CB0919,left
131580,1.6413123503505322,0.7160287828000422,9,0.8210085972997111,1.0,False,CB1093,left
19388,1.5170331094671579,0.6242567777175243,9,0.7514201954007237,1.0,False,CB0437,left
4622,1.0096478641770643,0.6655164070810079,9,0.7865193901866457,1.0,False,CB0473,left
116149,0.9427673557354063,0.7257294821097533,9,0.8210085972997111,1.0,False,CB0848,left
18357,0.8883906872073024,0.7325922868212806,9,0.8210085972997111,1.0,False,CB0494,left
66614,-0.8173940554025473,0.7610782731151187,9,0.8384760636014019,1.0,False,DNge106,left
28757,-0.3598661457091151,0.9092034891918424,9,0.9849704466244958,1.0,False,CB0839,left
119737,-0.19153374913412868,0.946295481767548,9,1.0,1.0,False,CB0708,left
92443,0.07495316434722188,0.9819307267478576,9,1.0,1.0,False,CB0302,right
42985,-0.016373115133579655,0.9960148022024607,9,1.0,1.0,False,CB0724,right
