root_id,cell_type,side,top_nt,nt_conf,synapses_from_Usnea,share_pct,direct_to_MN9
720575940620553094,CB0159,left,gaba,0.5456449122923548,84.0,2.3013698630136985,0.0
720575940632873261,CB0099,right,acetylcholine,0.5465931470599031,83.0,2.2739726027397262,0.0
720575940625861168,LB3,left,acetylcholine,0.57281109586106,82.0,2.2465753424657535,0.0
720575940614635175,CB0159,right,gaba,0.5562615184303898,79.0,2.164383561643836,0.0
720575940644965399,LB3,left,acetylcholine,0.5353309794961997,77.0,2.1095890410958904,0.0
720575940628683063,CB0099,left,acetylcholine,0.5772146316020823,73.0,2.0,0.0
720575940616742657,LB3,right,acetylcholine,0.4761317173191288,66.0,1.8082191780821917,0.0
720575940616177458,LB3,left,acetylcholine,0.4322836121527712,64.0,1.7534246575342465,0.0
720575940613996959,LB3,left,acetylcholine,0.4424536283835921,62.0,1.6986301369863013,0.0
720575940655014049,AN_GNG_30,left,acetylcholine,0.9380348954116228,60.0,1.643835616438356,0.0
720575940632648868,AN_GNG_30,right,acetylcholine,0.942454783938074,59.0,1.6164383561643836,0.0
720575940626674182,LB3,left,acetylcholine,0.4128675241791763,57.0,1.5616438356164384,0.0
720575940632510479,LB3,left,acetylcholine,0.5278215565955244,56.0,1.5342465753424657,0.0
720575940636487598,LB3,right,acetylcholine,0.454439600528256,52.0,1.4246575342465753,0.0
720575940638608803,PhG7,left,acetylcholine,0.7263266348886227,51.0,1.3972602739726028,0.0
720575940622902535,LB3,left,acetylcholine,0.5114544067494995,51.0,1.3972602739726028,0.0
720575940620129182,CB0521,right,acetylcholine,0.862349997430805,50.0,1.36986301369863,0.0
720575940625203504,LB3,left,acetylcholine,0.5050044252247358,49.0,1.3424657534246576,0.0
720575940624373483,LB3,right,serotonin,0.5287370056398132,46.0,1.2602739726027397,0.0
720575940606002609,LB3,left,acetylcholine,0.5538469674246277,44.0,1.2054794520547945,0.0
720575940635392910,LB3,left,acetylcholine,0.5730457067300979,44.0,1.2054794520547945,0.0
720575940636541285,CB0521,left,acetylcholine,0.8687103780814817,44.0,1.2054794520547945,0.0
720575940608239371,CB1097,left,acetylcholine,0.5789869447292568,40.0,1.095890410958904,0.0
720575940635807130,VESa2_P01,left,gaba,0.8059075400851243,40.0,1.095890410958904,0.0
720575940616562150,PhG7,right,acetylcholine,0.722564106040968,39.0,1.0684931506849316,0.0
720575940627907883,LB3,right,serotonin,0.5510850881441047,38.0,1.0410958904109588,0.0
720575940617857694,LB3,left,acetylcholine,0.5975452519831047,38.0,1.0410958904109588,0.0
720575940607347634,LB3,left,acetylcholine,0.4130658607272361,38.0,1.0410958904109588,0.0
720575940621149709,CB1097,right,acetylcholine,0.5214696614201074,38.0,1.0410958904109588,0.0
720575940630991311,CB0620,right,glutamate,0.5735469780480017,37.0,1.0136986301369864,-1.0
