root_id,cell_type,side,max_abs_ko,lit_name,top_nt,top_nt_conf,known_nt,male_nt,male_conf,low_conf,sign_conflict,flag,suspect
720575940640589171,DNge031,left,77.4,,gaba,0.5021733321767469,,gaba,0.8572254049133348,True,False,True,False
720575940632365905,CB0051,left,37.9,sternum,acetylcholine,0.601929192647663,,acetylcholine,0.882181095872355,True,False,True,False
720575940613743569,CB0494,left,29.0,,dopamine,0.6955474789767893,,unclear,0.618505643398241,True,False,True,True
720575940619877396,DNge059,right,29.0,,acetylcholine,0.6805247830507175,,acetylcholine,0.958750214095046,True,False,True,False
720575940616864217,CB0839,left,26.6,,gaba,0.5938291326876939,,gaba,0.8571328634482328,True,False,True,False
720575940620481240,CB0408,right,23.4,,gaba,0.4404042880058106,,gaba,0.8702139043043939,True,False,True,False
720575940620335269,CB0724,right,20.2,,gaba,0.5231343382472557,,gaba,0.7335451146535984,True,False,True,False
720575940626993694,DNge007,left,20.2,,acetylcholine,0.5917463363283331,,acetylcholine,0.9607463721840556,True,False,True,False
720575940642428045,CB1093,left,20.2,,acetylcholine,0.6760739525608311,,,,True,False,True,True
720575940607451081,DNge101,left,19.4,,gaba,0.4581385588041233,,gaba,0.8106772068745453,True,False,True,False
720575940625737776,CB0788,left,18.5,,glutamate,0.5998658240204933,,glutamate,0.7181942795006545,True,False,True,False
720575940631714119,CB0698,right,18.5,,gaba,0.4561286741749722,,gaba,0.8596473628606887,True,False,True,False
720575940633612698,CB0088,right,18.5,,dopamine,0.4934117416790045,,unclear,0.3756884048184961,True,False,True,True
720575940610916465,AN_GNG_PRW_2,right,17.7,,gaba,0.608101626880548,,gaba,0.5925016671723067,True,False,True,True
720575940615296818,CB0548,left,17.7,,acetylcholine,0.6383773191868302,,unclear,0.4343919788390049,True,False,True,True
720575940626279742,CB0604,left,17.7,,acetylcholine,0.4837284359693626,,acetylcholine,0.7516400001392811,True,False,True,False
720575940629810748,CB0871,right,17.7,,glutamate,0.3083426223314505,,unclear,0.2817600638514831,True,False,True,True
720575940633277209,CB0118,right,17.7,,gaba,0.6749149832921403,,gaba,0.871862152024117,True,False,True,False
720575940639285949,CB0480,left,17.7,,gaba,0.4450194431006248,,gaba,0.8497039186104832,True,False,True,False
720575940639972816,ENS2,left,17.7,,glutamate,0.4418743006311949,,acetylcholine,0.5700326618846939,True,True,True,True
720575940615052812,CB0078,left,16.9,,acetylcholine,0.6433873574873431,,acetylcholine,0.9125283933323532,True,False,True,False
720575940620553094,CB0159,left,16.9,,gaba,0.5456449122923548,,unclear,0.477061810715409,True,False,True,True
720575940621771041,CB0438,left,16.9,,gaba,0.6276525671065633,,gaba,0.8339113282125254,True,False,True,False
720575940622348156,CB2385,left,16.9,,acetylcholine,0.6380249578593241,,acetylcholine,0.8005346781866791,True,False,True,False
720575940624623287,CB0847,left,16.9,,glutamate,0.5987784992816759,,glutamate,0.6208276424600618,True,False,True,True
720575940629778554,MNx01,right,16.9,,glutamate,0.5941891012640514,,glutamate,0.5661384511051974,True,False,True,True
720575940637578853,CB0863,right,16.9,,gaba,0.6899796495056711,,gaba,0.8686140591478261,True,False,True,False
720575940621422518,CB0460,right,16.1,,gaba,0.5737197853707945,,gaba,0.8539731997096011,True,False,True,False
720575940622810153,MN10,left,16.1,,acetylcholine,0.4844718170172982,,unclear,0.4049311515649014,True,False,True,True
720575940624966840,CB0465,left,15.9,,gaba,0.6953716420009011,,gaba,0.8580744065590631,True,False,True,False
720575940614635175,CB0159,right,15.3,,gaba,0.5562615184303898,,unclear,0.477061810715409,True,False,True,True
720575940617629841,CB0863,left,15.3,,gaba,0.6932600979842537,,gaba,0.8686140591478261,True,False,True,False
720575940625164558,CB0604,right,15.3,,acetylcholine,0.511285177046033,,acetylcholine,0.7516400001392811,True,False,True,False
720575940625175054,CB2403,left,15.3,,acetylcholine,0.6784570355663586,,,,True,False,True,True
720575940636895406,CB0262,left,15.3,kelp,dopamine,0.4524821639833335,serotonin,serotonin,0.7009771132533281,True,False,True,False
720575940644653348,DNge031,right,14.6,,gaba,0.3844728992187843,,gaba,0.8572254049133348,True,False,True,False
720575940608498780,CB0896,right,14.5,,glutamate,0.6550195688913681,,glutamate,0.6898390608071636,True,False,True,True
720575940612766515,PS279,right,14.5,,glutamate,0.6056390152946071,,glutamate,0.6148581954091696,True,False,True,True
720575940621586854,CB0762,left,14.5,,acetylcholine,0.5550908590155623,,unclear,0.4842304593440227,True,False,True,True
720575940632722771,DNg31,left,14.5,,acetylcholine,0.500600899415062,,gaba,0.8624434792986785,True,True,True,True
720575940635239672,CB0262,right,14.5,kelp,serotonin,0.4974198798992059,serotonin,serotonin,0.7009771132533281,True,False,True,False
720575940642449909,DNge125,left,14.5,,acetylcholine,0.3999393476947847,,acetylcholine,0.9444064239041516,True,False,True,False
720575940613687789,CB0449,right,14.0,,gaba,0.5220720115965087,,gaba,0.8026161286253797,True,False,True,False
720575940627383685,CB0248,left,14.0,billiards/specter,gaba,0.5585083716709325,,gaba,0.7280307309752223,True,False,True,False
720575940606866377,DNg103,right,13.7,,gaba,0.5409899629725067,,gaba,0.608493472414673,True,False,True,True
720575940610000964,CB1093,right,13.7,,acetylcholine,0.6588793614878479,,,,True,False,True,True
720575940610677828,DNge051,left,13.7,,gaba,0.5710345511159137,,gaba,0.8844282111062435,True,False,True,False
720575940610803554,CB0538,right,13.7,,glutamate,0.6247610106276787,,glutamate,0.7053211027024918,True,False,True,False
720575940612888178,CB0911,right,13.7,,acetylcholine,0.5886179276102489,,acetylcholine,0.5482258655824185,True,False,True,True
720575940621777390,CB0030,right,13.7,,gaba,0.5487276941272553,,gaba,0.8522327817294983,True,False,True,False
720575940626870846,CB0736,left,13.7,,acetylcholine,0.4953594277022273,,acetylcholine,0.8620146591130997,True,False,True,False
720575940626972056,CB0070,right,13.7,,gaba,0.598052468404062,,gaba,0.8122749477096087,True,False,True,False
720575940633218444,DNge023,right,13.7,,acetylcholine,0.6862574205044855,,acetylcholine,0.9559338286608754,True,False,True,False
720575940644758308,DNge046,left,13.7,mothership,gaba,0.5135100084788206,,gaba,0.8026812599552009,True,False,True,False
720575940647029044,DNg105,right,13.7,,acetylcholine,0.3265280905986432,,gaba,0.873007058756705,True,True,True,True
720575940609405635,CB0538,left,12.9,,glutamate,0.5938031775911612,,glutamate,0.7053211027024918,True,False,True,False
720575940620374693,CB0778,left,12.9,,gaba,0.3002833298618136,,gaba,0.6957274544511142,True,False,True,True
720575940624897516,DNg105,left,12.9,web,acetylcholine,0.4288550431085404,,gaba,0.873007058756705,True,True,True,True
720575940635179871,DNg103,left,12.9,,gaba,0.5327714232446279,,gaba,0.608493472414673,True,False,True,True
720575940649829241,DNge051,right,12.9,,gaba,0.5370111955100996,,gaba,0.8844282111062435,True,False,True,False
720575940625047484,CB0087,left,12.8,,gaba,0.3350690268556097,,unclear,0.4185236385974076,True,False,True,True
720575940620031366,CB0853,left,12.2,,glutamate,0.5210679972275347,,gaba,0.6888763771294594,True,False,True,True
720575940628070419,CB0331,right,12.2,,acetylcholine,0.6334340197192232,,acetylcholine,0.7050937817938483,True,False,True,False
720575940610054980,CB0724,left,12.1,,gaba,0.5954427465693396,,gaba,0.7335451146535984,True,False,True,False
720575940610232274,CB0110,left,12.1,gnome,glutamate,0.6264103168475987,,unclear,0.4988124223245964,True,False,True,True
720575940618165019,CB0700,left,12.1,tinctoria,acetylcholine,0.4990281283356179,,acetylcholine,0.5351038401435568,True,False,True,True
720575940622235425,CB0484,right,12.1,,gaba,0.61663373921375,,gaba,0.8729812681077428,True,False,True,False
720575940627410451,CB0858,left,12.1,,acetylcholine,0.4490294955457096,,acetylcholine,0.6032279793431311,True,False,True,True
720575940630664556,CB1366,left,12.1,,gaba,0.6731649400062956,,gaba,0.6213168601365713,True,False,True,True
720575940631999080,MNx01,right,12.1,,glutamate,0.6674332362769125,,glutamate,0.5661384511051974,True,False,True,True
720575940609133269,CB0568,right,11.3,,gaba,0.5516941831334293,,gaba,0.7849857718315032,True,False,True,False
720575940612906518,CB0480,right,11.3,,gaba,0.4255524065992951,,gaba,0.8497039186104832,True,False,True,False
720575940625867056,CB0573,left,11.3,,dopamine,0.6478952219182539,,histamine,0.4983255795299591,True,False,True,True
720575940629561347,CB0845,right,11.3,,acetylcholine,0.4785261683306152,,acetylcholine,0.5177321383104926,True,False,True,True
720575940630806267,ENS2,right,11.3,,glutamate,0.405463490567461,,acetylcholine,0.5700326618846939,True,True,True,True
720575940632873261,CB0099,right,11.3,,acetylcholine,0.5465931470599031,,acetylcholine,0.8810489003488171,True,False,True,False
720575940639198397,CB0072,left,11.3,,gaba,0.4967255923254184,,gaba,0.863793118188084,True,False,True,False
720575940644542880,DNge023,left,11.3,,acetylcholine,0.554491358644722,,acetylcholine,0.9559338286608754,True,False,True,False
720575940628676457,CB0892,left,11.0,hound,dopamine,0.4635823251028326,serotonin,serotonin,0.743352620005963,True,False,True,False
720575940647518340,CB0460,left,11.0,,gaba,0.632900722604967,,gaba,0.8539731997096011,True,False,True,False
720575940612289010,CB0212,left,10.5,kelp,serotonin,0.4542006548467789,serotonin,serotonin,0.7967131699800593,True,False,True,False
720575940621667693,DNg28,left,10.5,,gaba,0.7891458333531413,serotonin; serotonin,serotonin,0.3089735156258753,False,True,True,True
720575940629239934,CB0005,left,10.5,,gaba,0.5083982491469466,,gaba,0.8008627910583248,True,False,True,False
720575940631168057,DNg60,left,10.5,bluebell,gaba,0.5035297665730609,gaba,gaba,0.8831933063217602,True,False,True,False
720575940635837887,CB0204,left,10.5,,gaba,0.6547509737279272,,gaba,0.8315538118633957,True,False,True,False
720575940635839077,CB0436,left,10.5,,gaba,0.5307517448060314,,gaba,0.771828488027638,True,False,True,False
720575940641366517,CB0008,right,10.5,usnea,gaba,0.4947092169855355,,gaba,0.6448745763731979,True,False,True,True
720575940607193986,CB0845,right,10.4,,acetylcholine,0.5775570713810968,,acetylcholine,0.5177321383104926,True,False,True,True
720575940628997123,CB0762,right,10.4,,glutamate,0.4701564941054157,,unclear,0.4842304593440227,True,False,True,True
720575940629421415,CB0778,right,10.4,,glutamate,0.3392578192491559,,gaba,0.6957274544511142,True,False,True,True
720575940623453959,CB0030,left,9.8,,gaba,0.506097617205006,,gaba,0.8522327817294983,True,False,True,False
720575940610231509,DNg90,left,9.7,,gaba,0.5667584857662052,,gaba,0.8834443798354072,True,False,True,False
720575940613929391,DNg38,left,9.7,,glutamate,0.447901145530963,,gaba,0.8865617891169335,True,False,True,False
720575940616864086,CB0788,right,9.7,,glutamate,0.6550236245045714,,glutamate,0.7181942795006545,True,False,True,False
720575940624404872,DNpe007,right,9.7,,serotonin,0.381703324271828,,acetylcholine,0.904846583496936,True,False,True,False
720575940626308697,CB0761,left,9.7,,glutamate,0.5623255214643379,,glutamate,0.7317651261058662,True,False,True,False
720575940628826128,CB0858,right,9.7,,acetylcholine,0.3439939103971298,,acetylcholine,0.6032279793431311,True,False,True,True
720575940617488477,CB0853,right,9.1,,glutamate,0.5878980856392262,,gaba,0.6888763771294594,True,False,True,True
720575940628998659,CB0789,left,9.1,,acetylcholine,0.4796595083682076,,unclear,0.3676240070745813,True,False,True,True
720575940605161388,ENS2,left,8.9,,glutamate,0.6489976908318906,,acetylcholine,0.5700326618846939,True,True,True,True
720575940613943215,CB2403,right,8.9,,acetylcholine,0.68183562383754,,,,True,False,True,True
720575940620274085,CB0055,left,8.9,,gaba,0.6403022853006276,,gaba,0.832475039137409,True,False,True,False
720575940623478115,CB0009,left,8.9,,gaba,0.6017714301057894,,gaba,0.7937428569011273,True,False,True,False
720575940625875504,,right,8.9,tinctoria,glutamate,0.5939214209852715,,,,True,False,True,True
720575940628114684,AN_GNG_68,left,8.9,,gaba,0.6512706394521445,,gaba,0.8882466595105285,True,False,True,False
720575940630488540,CB0866,right,8.9,,gaba,0.698707038551265,,gaba,0.8118401839821413,True,False,True,False
720575940632159519,CB0561,right,8.9,,glutamate,0.4591097599837019,,glutamate,0.5397016047356664,True,False,True,True
720575940611548878,CB0801,left,8.1,,gaba,0.4952395351581074,,gaba,0.7036537774568504,True,False,True,False
720575940615623867,CB0182,left,8.1,,gaba,0.6833833444188399,,gaba,0.8581611529598133,True,False,True,False
720575940616018956,CB0568,left,8.1,,gaba,0.6316003315283859,,gaba,0.7849857718315032,True,False,True,False
720575940625861660,CB0740,left,8.1,,gaba,0.6467962951354228,,gaba,0.8554331180302096,True,False,True,False
720575940626468178,CB0176,right,8.1,,glutamate,0.4812460318176481,,gaba,0.7198221236769906,True,False,True,False
720575940631179831,CB0892,right,8.1,,dopamine,0.5052164312102015,serotonin,serotonin,0.743352620005963,True,False,True,False
720575940631918649,CB0055,right,8.1,,gaba,0.4738153016379096,,gaba,0.832475039137409,True,False,True,False
720575940634428058,DNge043,right,8.1,,gaba,0.4135299721300461,,acetylcholine,0.8625413848244351,True,True,True,True
720575940636809646,CB0465,right,8.1,,gaba,0.6472552854384849,,gaba,0.8580744065590631,True,False,True,False
720575940609939780,CB0087,right,7.3,,gaba,0.3784278069428051,,unclear,0.4185236385974076,True,False,True,True
720575940612479205,CB0225,left,7.3,,gaba,0.6184430522157691,,gaba,0.8096499718682352,True,False,True,False
720575940618726171,CB0067,left,7.3,,gaba,0.6430539196354343,,gaba,0.8392094504100551,True,False,True,False
720575940622116705,CB0070,left,7.3,,gaba,0.6652703432917572,,gaba,0.8122749477096087,True,False,True,False
720575940626278974,CB0494,right,7.3,seagull,dopamine,0.6362571063615887,,unclear,0.618505643398241,True,False,True,True
720575940630868793,CB0700,right,7.3,tinctoria,glutamate,0.5260183325304646,,acetylcholine,0.5351038401435568,True,True,True,True
720575940631406411,CB0781,left,7.3,,gaba,0.6211377946107349,,gaba,0.8473650159944248,True,False,True,False
720575940632304711,MNx01,right,7.3,,glutamate,0.6315637213641124,,glutamate,0.5661384511051974,True,False,True,True
720575940636053678,CB0419,left,7.3,,gaba,0.6353952305724598,,gaba,0.8576833396443604,True,False,True,False
720575940617373268,DNge098,right,6.7,,gaba,0.5301328154440139,,gaba,0.8777481677201825,True,False,True,False
720575940622552675,CB0009,right,6.7,,gaba,0.5870901032636692,,gaba,0.7937428569011273,True,False,True,False
720575940622695448,CB0248,right,6.7,billiards/specter,gaba,0.5469342649786113,,gaba,0.7280307309752223,True,False,True,False
720575940623137818,CB0836,right,6.7,,serotonin,0.2894973585340896,,unclear,0.3842307692307692,True,False,True,True
720575940630667372,CB0449,left,6.7,,gaba,0.6938343149322989,,gaba,0.8026161286253797,True,False,True,False
720575940630683385,CB0801,right,6.7,,gaba,0.511022727053105,,gaba,0.7036537774568504,True,False,True,False
720575940606607234,DNge040,right,6.5,,glutamate,0.5323245002779186,,glutamate,0.7463055959532592,True,False,True,False
720575940608735241,DNg38,right,6.5,,gaba,0.4148544243959587,,gaba,0.8865617891169335,True,False,True,False
720575940613004402,ENS2,left,6.5,,glutamate,0.6489756186177139,,acetylcholine,0.5700326618846939,True,True,True,True
720575940619973712,CB0118,left,6.5,,gaba,0.683881492726852,,gaba,0.871862152024117,True,False,True,False
720575940620473547,DNge098,left,6.5,,gaba,0.5560730540005535,,gaba,0.8777481677201825,True,False,True,False
720575940630665210,DNg28,left,6.5,,gaba,0.4736625282615178,serotonin; serotonin,serotonin,0.3089735156258753,True,True,True,True
720575940630865724,CB0871,left,6.5,,acetylcholine,0.4648922338986074,,unclear,0.2817600638514831,True,False,True,True
720575940633185567,CB0762,left,6.5,,acetylcholine,0.4677651493222221,,unclear,0.4842304593440227,True,False,True,True
720575940648864633,CB0110,right,6.5,gnome,glutamate,0.6820290598722021,,unclear,0.4988124223245964,True,False,True,True
720575940605658033,DNge125,right,6.1,,acetylcholine,0.3405393225557159,,acetylcholine,0.9444064239041516,True,False,True,False
720575940615715003,DNg96,right,6.1,,glutamate,0.5705415815275819,,glutamate,0.6969933994756174,True,False,True,True
720575940622027222,DNge046,right,6.1,,gaba,0.5503483639609449,,gaba,0.8026812599552009,True,False,True,False
720575940611549902,CB0881,left,5.6,,gaba,0.5867222338553585,,gaba,0.5668809882195659,True,False,True,True
720575940613670893,CB0413,left,5.6,,gaba,0.668657863326287,,gaba,0.6986497091758654,True,False,True,True
720575940621902085,AN_GNG_68,right,5.6,,gaba,0.6770187923648969,,gaba,0.8882466595105285,True,False,True,False
720575940645047831,DNg16,left,5.6,,acetylcholine,0.689710667436405,,acetylcholine,0.9404595500008353,True,False,True,False
720575940660229505,DNg31,right,5.6,,gaba,0.3130219605357173,,gaba,0.8624434792986785,True,False,True,False
720575940610482883,CB3958,center,5.5,,serotonin,0.4843982774060461,,unclear,0.59194193170257,True,False,True,True
720575940647033396,AN_GNG_PRW_2,left,5.5,,gaba,0.5510129622492012,,gaba,0.5925016671723067,True,False,True,True
720575940631994728,CB0721,left,4.9,,gaba,0.5914202519936079,,gaba,0.8710136413328006,True,False,True,False
720575940633293025,DNge065,left,4.9,,gaba,0.5522170793452794,,gaba,0.8828568221960029,True,False,True,False
720575940652580086,CB0020,left,4.9,,gaba,0.5991905098267738,,gaba,0.8424831371755475,True,False,True,False
720575940612558061,CB0740,right,4.8,,gaba,0.5557059326993598,,gaba,0.8554331180302096,True,False,True,False
720575940623352063,CB0911,left,4.8,,acetylcholine,0.6036112780027049,,acetylcholine,0.5482258655824185,True,False,True,True
720575940630931999,PS279,right,4.8,,glutamate,0.5978450369644188,,glutamate,0.6148581954091696,True,False,True,True
720575940632648612,CB0008,left,4.8,usnea,gaba,0.4994584544145822,,gaba,0.6448745763731979,True,False,True,True
720575940633308371,PS100,left,4.8,,glutamate,0.3854375333845296,,gaba,0.8587534946509945,True,False,True,False
720575940637788137,CB2355,right,4.8,mime,acetylcholine,0.6949845215985592,,acetylcholine,0.7405900527759303,True,False,True,False
720575940612036837,DNg96,left,4.0,,glutamate,0.5937681327802433,,glutamate,0.6969933994756174,True,False,True,True
720575940621538142,CB0833,left,4.0,tundra,gaba,0.5953134247419758,,gaba,0.8429049468333977,True,False,True,False
720575940623207885,AN_GNG_PRW_3,right,4.0,,acetylcholine,0.3980359427040999,,unclear,0.4430495854893785,True,False,True,True
720575940624600840,CB0219,left,4.0,,glutamate,0.6839845290075114,,glutamate,0.7667139840462937,True,False,True,False
720575940628755815,CB0890,left,4.0,foxglove,gaba,0.5202187051706552,gaba,gaba,0.5757158339056692,True,False,True,True
720575940632936332,CB0561,left,4.0,,glutamate,0.4578031800375979,,glutamate,0.5397016047356664,True,False,True,True
720575940609993284,CB0331,left,3.7,,acetylcholine,0.5955514495159737,,acetylcholine,0.7050937817938483,True,False,True,False
720575940623847181,CB0337,right,3.0,,gaba,0.6837386902844237,,gaba,0.7788422590657124,True,False,True,False
720575940625705930,CB0484,left,3.0,,gaba,0.6491828410934118,,gaba,0.8729812681077428,True,False,True,False
720575940634756203,CB0072,right,3.0,,gaba,0.5413537744302694,,gaba,0.863793118188084,True,False,True,False
720575940611160930,CB0890,right,2.4,foxglove,gaba,0.5367822612125658,gaba,gaba,0.5757158339056692,True,False,True,True
720575940620025620,MN10,right,2.4,,acetylcholine,0.5843289477793622,,unclear,0.4049311515649014,True,False,True,True
720575940620714150,DNge046,right,2.4,mothership,gaba,0.5256462704499837,,gaba,0.8026812599552009,True,False,True,False
720575940621345012,CB0548,right,2.4,,acetylcholine,0.6426536926803732,,unclear,0.4343919788390049,True,False,True,True
720575940623208141,CB0860,right,2.4,,gaba,0.6255909580575469,,gaba,0.7563646139204586,True,False,True,False
720575940630291767,DNge046,left,2.4,,gaba,0.5917428751222663,,gaba,0.8026812599552009,True,False,True,False
720575940630980559,DNg28,right,2.4,,octopamine,0.4072286217891058,serotonin; serotonin,serotonin,0.3089735156258753,True,False,True,True
720575940632307025,DNg49,left,2.4,,gaba,0.4502085302846076,,gaba,0.8513311205602349,True,False,True,False
720575940634301852,CB0781,right,2.4,,gaba,0.5712087455141873,,gaba,0.8473650159944248,True,False,True,False
720575940638088262,PS116,right,2.4,,glutamate,0.4723705469192442,,glutamate,0.7427805532188164,True,False,True,False
720575940660224641,CB0459,left,2.4,,gaba,0.5749301243278715,,gaba,0.8216868526091187,True,False,True,False
720575940623224555,CB0413,right,1.8,,gaba,0.6883121969646564,,gaba,0.6986497091758654,True,False,True,True
720575940626094350,CB0762,right,1.8,,acetylcholine,0.3613137209337855,,unclear,0.4842304593440227,True,False,True,True
720575940629459718,PS051,right,1.8,,gaba,0.638279031006718,,gaba,0.8049274147651884,True,False,True,False
720575940633195148,CB0836,left,1.8,,acetylcholine,0.2871522884970364,,unclear,0.3842307692307692,True,False,True,True
720575940660220289,DNge143,left,1.8,,gaba,0.4296686585471537,,gaba,0.8814348572410684,True,False,True,False
720575940623381286,CB0254,left,1.6,,glutamate,0.5457924189877285,,glutamate,0.7106808486111392,True,False,True,False
720575940632134227,CB3813,left,1.6,fluff,gaba,0.6906545809823113,,gaba,0.8180137581459676,True,False,True,False
720575940621573030,CB0847,right,0.8,,glutamate,0.616335036064144,,glutamate,0.6208276424600618,True,False,True,True
720575940610621026,CB0671,right,0.6,,glutamate,0.4725469204334873,,gaba,0.8783602662200453,True,False,True,False
720575940615296766,PS279,right,0.6,,glutamate,0.6226855814168288,,glutamate,0.6148581954091696,True,False,True,True
720575940615582111,CB2191,left,0.6,,gaba,0.6529611798091921,,gaba,0.7798094168659491,True,False,True,False
720575940622474899,CB0212,right,0.6,kelp,serotonin,0.5807272468499246,serotonin,serotonin,0.7967131699800593,True,False,True,False
720575940624163303,CB3916,center,0.6,trident,gaba,0.6810619654569909,,gaba,0.8615250392366015,True,False,True,False
720575940606391218,PS279,left,0.0,,glutamate,0.6897085242573884,,glutamate,0.6148581954091696,True,False,True,True
720575940612574435,CB0436,right,0.0,,gaba,0.4973067690261002,,gaba,0.771828488027638,True,False,True,False
720575940614465478,CB0047,left,0.0,,gaba,0.4671168028205879,,gaba,0.8670965880825175,True,False,True,False
720575940620746478,PS100,right,0.0,,gaba,0.4295245663941917,,gaba,0.8587534946509945,True,False,True,False
720575940621119367,CB0272,left,0.0,,acetylcholine,0.4471945756172621,,acetylcholine,0.6450683084103862,True,False,True,True
720575940622734106,CB2191,right,0.0,,gaba,0.656216907664998,,gaba,0.7798094168659491,True,False,True,False
720575940627312668,CB1366,right,0.0,,gaba,0.6534955753209969,,gaba,0.6213168601365713,True,False,True,True
720575940627827697,DNge067,right,0.0,,gaba,0.4828711443302065,,gaba,0.8526125468969482,True,False,True,False
720575940627949626,PS116,left,0.0,,acetylcholine,0.4200178345648608,,glutamate,0.7427805532188164,True,True,True,True
720575940628129129,CB0213,left,0.0,planter,glutamate,0.683773201044548,,glutamate,0.7418953324389364,True,False,True,False
720575940630580854,CB0875,left,0.0,,acetylcholine,0.6745521724910841,,,,True,False,True,True
720575940630839371,DNge146,left,0.0,,gaba,0.599706417135088,,gaba,0.8801424242746881,True,False,True,False
720575940630951424,CB0860,left,0.0,,gaba,0.691372538066793,,gaba,0.7563646139204586,True,False,True,False
720575940631989352,CB0851,left,0.0,,gaba,0.6770726730335116,,gaba,0.8732823917316119,True,False,True,False
720575940635166571,DNg60,right,0.0,bluebell,gaba,0.5765405725062913,gaba,gaba,0.8831933063217602,True,False,True,False
720575940635771316,PS051,left,0.0,,gaba,0.6007037129136217,,gaba,0.8049274147651884,True,False,True,False
720575940641585627,CB0671,left,0.0,,glutamate,0.4810768168900665,,gaba,0.8783602662200453,True,False,True,False
720575940643543496,CB0204,right,0.0,,gaba,0.6702446732774789,,gaba,0.8315538118633957,True,False,True,False
720575940647081860,PS279,left,0.0,,glutamate,0.6363799078300307,,glutamate,0.6148581954091696,True,False,True,True
720575940647474979,CB0882,left,0.0,,acetylcholine,0.5182223483889188,,,,True,False,True,True
720575940607272649,CB0553,right,65.3,roundup,acetylcholine,0.93247647885477,,acetylcholine,0.94563044090622,False,False,False,False
720575940623211725,CB0553,left,54.8,roundup,acetylcholine,0.8975732606078811,,acetylcholine,0.94563044090622,False,False,False,False
720575940620874757,CB0616,left,51.6,G2N_1,acetylcholine,0.8648426847694114,,acetylcholine,0.9529134936952056,False,False,False,False
720575940626835146,CB0277,left,46.0,,acetylcholine,0.8982913911095883,,acetylcholine,0.8051200362536138,False,False,False,False
720575940632047890,CB0393,left,44.4,,acetylcholine,0.8124236803679221,,acetylcholine,0.9257908431783196,False,False,False,False
720575940616103218,CB0062,left,43.5,phantom,gaba,0.751675538977829,,gaba,0.7785261937960695,False,False,False,False
720575940624023188,CB0824,left,41.1,,acetylcholine,0.9291751918273792,,acetylcholine,0.9551392571138192,False,False,False,False
720575940630579574,CB0177,left,38.7,,acetylcholine,0.925946375136266,,acetylcholine,0.9574685434195144,False,False,False,False
720575940627847752,DNge080,left,35.5,rounddown,acetylcholine,0.8615368420610588,,acetylcholine,0.9580963582923556,False,False,False,False
720575940615671106,DNge059,left,32.3,,acetylcholine,0.7439234916521661,,acetylcholine,0.958750214095046,False,False,False,False
720575940655014049,AN_GNG_30,left,30.6,clavicle,acetylcholine,0.9380348954116228,,acetylcholine,0.903505455943984,False,False,False,False
720575940628972048,CB0542,left,28.2,,acetylcholine,0.9326738858237028,,acetylcholine,0.9068889397121978,False,False,False,False
720575940620673985,CB0821,right,25.8,tentacular,gaba,0.7755639583335101,,gaba,0.8899285083798539,False,False,False,False
720575940631997032,CB0038,left,25.0,Fdg,acetylcholine,0.9320137755365708,,acetylcholine,0.957430375892608,False,False,False,False
720575940633316563,CB0226,left,25.0,,acetylcholine,0.9086355383740068,,acetylcholine,0.8731942523377128,False,False,False,False
720575940637144944,CB0190,left,23.4,,acetylcholine,0.9067961308324144,,acetylcholine,0.9181362452377956,False,False,False,False
720575940612692633,CB0799,left,22.6,,acetylcholine,0.8570582258061091,,acetylcholine,0.8742572215905684,False,False,False,False
720575940607386290,CB0473,left,21.8,,acetylcholine,0.8661545020764244,,acetylcholine,0.9460119003597036,False,False,False,False
720575940625102692,CB0883,left,21.8,,acetylcholine,0.9114651969527012,,acetylcholine,0.8821300834907292,False,False,False,False
720575940616759014,CB0638,right,21.0,,acetylcholine,0.9421435852793776,,acetylcholine,0.9473883821023592,False,False,False,False
720575940625580988,CB0919,left,21.0,,acetylcholine,0.773677166255618,,acetylcholine,0.9445134242636932,False,False,False,False
720575940627812168,DNg47,left,21.0,,acetylcholine,0.8613536162226966,,acetylcholine,0.9065542028350082,False,False,False,False
720575940629888530,CB0192,left,21.0,,acetylcholine,0.7597453033036811,,acetylcholine,0.9416661376240184,False,False,False,False
720575940636165624,CB0708,left,21.0,,acetylcholine,0.8910279240266628,,acetylcholine,0.6951741990150586,False,False,False,False
720575940631703608,CB0872,left,20.2,,acetylcholine,0.915125267361309,,acetylcholine,0.953167001627162,False,False,False,False
720575940619114048,CB0824,right,19.4,,acetylcholine,0.9008892048996676,,acetylcholine,0.9551392571138192,False,False,False,False
720575940623210445,AN_GNG_21,left,19.4,,acetylcholine,0.9523466993752664,,acetylcholine,0.9658266478880732,False,False,False,False
720575940634825623,CB0848,left,19.4,,acetylcholine,0.8623441751152988,,acetylcholine,0.8117210665664026,False,False,False,False
720575940619588568,CB0964,left,18.5,,gaba,0.8138263789351206,,gaba,0.8418536269575527,False,False,False,False
720575940645045527,DNge174,left,18.5,bract,acetylcholine,0.8240617381677824,,acetylcholine,0.9543033624922492,False,False,False,False
720575940614763666,CB0366,left,17.7,FMIn,acetylcholine,0.8947513968597441,,acetylcholine,0.9432224840744317,False,False,False,False
720575940617593233,CB0501,left,17.7,,acetylcholine,0.8418906180597979,,acetylcholine,0.8151660908047398,False,False,False,False
720575940626626597,CB0896,left,17.1,,glutamate,0.7045332217994125,,glutamate,0.6898390608071636,False,False,False,False
720575940616466260,CB0832,right,16.9,,glutamate,0.7087794382203783,,glutamate,0.6671149263025772,False,False,False,False
720575940619473624,CB0559,left,16.9,,acetylcholine,0.8036014173898022,,acetylcholine,0.8035909243565894,False,False,False,False
720575940619671616,CB0897,left,16.9,,acetylcholine,0.8553057522586917,,acetylcholine,0.9538319204817286,False,False,False,False
720575940631349335,CB0573,right,16.9,,dopamine,0.7123128661234681,,histamine,0.4983255795299591,False,False,False,False
720575940642335373,CB0444,left,16.9,,gaba,0.8627911725978075,,gaba,0.8168319370928877,False,False,False,False
720575940626495746,CB0419,right,16.5,,gaba,0.7589095092473376,,gaba,0.8576833396443604,False,False,False,False
720575940625178768,CB0902,left,16.1,,acetylcholine,0.8521182917080882,,acetylcholine,0.8181206490833158,False,False,False,False
720575940627099338,DNge062,left,16.1,,acetylcholine,0.9315793789206144,,acetylcholine,0.9331785065872596,False,False,False,False
720575940643112333,CB0676,right,16.1,,acetylcholine,0.9562216747852174,,acetylcholine,0.9498585205763116,False,False,False,False
720575940611366058,CB2065,left,15.3,,acetylcholine,0.8321740560463625,,acetylcholine,0.9322808093598188,False,False,False,False
720575940611715813,CB0571,left,15.3,pringle,glutamate,0.843643829515246,,glutamate,0.7995096609078346,False,False,False,False
720575940617552057,CB0807,right,15.3,,gaba,0.8452681036871998,,gaba,0.8783822269265221,False,False,False,False
720575940631108303,CB0867,left,15.3,,gaba,0.7946003795668092,,gaba,0.8279947244231907,False,False,False,False
720575940631283267,DNge018,right,15.3,,acetylcholine,0.8825806660179635,,acetylcholine,0.9559404725728492,False,False,False,False
720575940632252743,CB0493,left,15.3,,acetylcholine,0.7909507688908034,,acetylcholine,0.9102197253749488,False,False,False,False
720575940635578303,CB0855,left,15.3,,acetylcholine,0.8558324840337577,,acetylcholine,0.9129408105639152,False,False,False,False
720575940643867296,CB4058,center,15.3,,gaba,0.7146174437823823,,gaba,0.8385997563369548,False,False,False,False
720575940611436408,CB0791,left,14.6,,acetylcholine,0.8499717218450614,,acetylcholine,0.9273393734404256,False,False,False,False
720575940605682790,ENS2,right,14.5,,acetylcholine,0.7777291210905368,,acetylcholine,0.5700326618846939,False,False,False,False
720575940612952557,CB0704,right,14.5,,glutamate,0.8316977387259767,,unclear,0.4478044962724127,False,False,False,False
720575940620170887,CB0246,right,14.5,,acetylcholine,0.8499826792252906,,acetylcholine,0.829913689364063,False,False,False,False
720575940624484796,DNge106,left,14.5,,acetylcholine,0.7432699186881462,,acetylcholine,0.9547258237789856,False,False,False,False
720575940631662648,DNge106,right,14.5,,acetylcholine,0.7456941780722256,,acetylcholine,0.9547258237789856,False,False,False,False
720575940624906483,CB0791,right,14.0,,acetylcholine,0.8761489673255024,,acetylcholine,0.9273393734404256,False,False,False,False
720575940620805046,CB3797,right,13.7,,acetylcholine,0.8084605726279968,,acetylcholine,0.9376328417396071,False,False,False,False
720575940622624214,CB0434,left,13.7,sink_sync,acetylcholine,0.8736731039503836,,acetylcholine,0.959348030527637,False,False,False,False
720575940623192781,CB0889,right,13.7,,gaba,0.7541424968728071,,gaba,0.8079432634626103,False,False,False,False
720575940630034231,CB0704,right,13.7,,glutamate,0.8295878401837731,,unclear,0.4478044962724127,False,False,False,False
720575940609407939,DNge080,right,13.4,rounddown,acetylcholine,0.848642244721016,,acetylcholine,0.9580963582923556,False,False,False,False
720575940611151406,CB0287,left,12.9,,acetylcholine,0.9142085851352716,,acetylcholine,0.9571515493883136,False,False,False,False
720575940613347299,DNge042,right,12.9,,acetylcholine,0.8140871973836001,,acetylcholine,0.953335918173784,False,False,False,False
720575940621057702,CB0865,left,12.9,,gaba,0.8253133715322951,,gaba,0.8596998032344865,False,False,False,False
720575940621261296,CB0493,right,12.9,,acetylcholine,0.8190490173712127,,acetylcholine,0.9102197253749488,False,False,False,False
720575940630589036,CB0016,left,12.9,,glutamate,0.8216912262956686,,glutamate,0.8024991017813754,False,False,False,False
720575940632602532,CB0246,left,12.9,,acetylcholine,0.8383592049129531,,acetylcholine,0.829913689364063,False,False,False,False
720575940655013025,CB3797,left,12.9,,acetylcholine,0.864442900784652,,acetylcholine,0.9376328417396071,False,False,False,False
720575940614128691,CB0437,left,12.2,,acetylcholine,0.7082292872834608,,acetylcholine,0.762491411867093,False,False,False,False
720575940620474278,CB0865,right,12.2,,gaba,0.8005890778347523,,gaba,0.8596998032344865,False,False,False,False
720575940620780272,CB0559,right,12.2,,acetylcholine,0.812944913133657,,acetylcholine,0.8035909243565894,False,False,False,False
720575940612648106,DNg67,left,12.1,fudog,acetylcholine,0.9369823482887726,,acetylcholine,0.9217438242908736,False,False,False,False
720575940626289021,CB0865,left,12.1,,gaba,0.8197539910768534,,gaba,0.8596998032344865,False,False,False,False
720575940626826288,CB0219,right,12.1,,glutamate,0.7335428425235488,,glutamate,0.7667139840462937,False,False,False,False
720575940627107271,ENS2,left,12.1,,acetylcholine,0.7903001836458563,,acetylcholine,0.5700326618846939,False,False,False,False
720575940628598121,CB4055,left,12.1,,acetylcholine,0.7192265191277147,,acetylcholine,0.7783002329081908,False,False,False,False
720575940628648809,CB0832,left,12.1,,glutamate,0.7058737207981719,,glutamate,0.6671149263025772,False,False,False,False
720575940631959097,DNge042,left,11.6,,acetylcholine,0.8455638243042688,,acetylcholine,0.953335918173784,False,False,False,False
720575940614909506,DNge123,right,11.3,,glutamate,0.8599682601705763,,glutamate,0.8166047135324234,False,False,False,False
720575940617299515,CB0437,right,11.3,,acetylcholine,0.7104561462914945,,acetylcholine,0.762491411867093,False,False,False,False
720575940628743752,MN10,right,11.3,,acetylcholine,0.7305210216901225,,unclear,0.4049311515649014,False,False,False,False
720575940629207963,CB0302,right,11.3,,acetylcholine,0.7736218504436667,,acetylcholine,0.8004694843307214,False,False,False,False
720575940629804158,CB0827,left,11.3,,glutamate,0.7961030933607849,,glutamate,0.6893218820630264,False,False,False,False
720575940632118156,CB4055,right,11.3,,acetylcholine,0.70220612491101,,acetylcholine,0.7783002329081908,False,False,False,False
720575940655011489,CB0233,left,11.3,,acetylcholine,0.7912154143363962,,acetylcholine,0.8385070827685612,False,False,False,False
720575940621399899,CB0821,left,11.0,tentacular,gaba,0.8167351520283979,,gaba,0.8899285083798539,False,False,False,False
720575940609915204,CB0807,left,10.5,,gaba,0.8054994774736273,,gaba,0.8783822269265221,False,False,False,False
720575940611015122,CB0192,right,10.5,,acetylcholine,0.7330347072086913,,acetylcholine,0.9416661376240184,False,False,False,False
720575940612423922,CB0889,left,10.5,,gaba,0.7879277664212138,,gaba,0.8079432634626103,False,False,False,False
720575940619173534,CB0919,right,10.5,,acetylcholine,0.7250788517675775,,acetylcholine,0.9445134242636932,False,False,False,False
720575940620262465,CB0812,right,10.5,marge,glutamate,0.7460853665836245,,glutamate,0.7793068329955668,False,False,False,False
720575940628446010,CB0021,right,10.5,,gaba,0.7142532592979248,,gaba,0.8348597549525305,False,False,False,False
720575940639425112,DNge007,right,10.5,,acetylcholine,0.7767514938531439,,acetylcholine,0.9607463721840556,False,False,False,False
720575940618696989,CB0964,left,10.4,,gaba,0.77901946391843,,gaba,0.8418536269575527,False,False,False,False
720575940617494877,CB0811,right,9.8,,acetylcholine,0.7997769600529959,,acetylcholine,0.9066361641826032,False,False,False,False
720575940624310857,CB0117,right,9.8,,acetylcholine,0.7532045094955918,,acetylcholine,0.8355790552112371,False,False,False,False
720575940614730914,DNg75,left,9.7,,acetylcholine,0.8667484797114264,,acetylcholine,0.9588165140500124,False,False,False,False
720575940620346673,CB0267,right,9.7,,gaba,0.7097276915502047,,gaba,0.865702174780385,False,False,False,False
720575940620873793,CB0574,right,9.7,,acetylcholine,0.8249800639767579,,acetylcholine,0.8730414946169017,False,False,False,False
720575940623209165,CB0707,right,9.7,,acetylcholine,0.8796191524629154,,acetylcholine,0.8623963110952738,False,False,False,False
720575940626999464,CB0704,left,9.7,,glutamate,0.782203784001961,,unclear,0.4478044962724127,False,False,False,False
720575940629000783,CB0416,left,9.7,,acetylcholine,0.8859218382313809,,acetylcholine,0.9421789747653726,False,False,False,False
720575940630674038,CB0525,left,9.7,,acetylcholine,0.861535275904153,,acetylcholine,0.7660446294040479,False,False,False,False
720575940631340815,CB3892b,center,9.7,,gaba,0.7847525173985452,,gaba,0.8536424240390205,False,False,False,False
720575940635055039,CB0615,left,9.7,,acetylcholine,0.7721357198979765,,acetylcholine,0.9040823195000572,False,False,False,False
720575940639786915,CB0302,left,9.7,,acetylcholine,0.7700272432310827,,acetylcholine,0.8004694843307214,False,False,False,False
720575940606852018,CB0358,left,9.1,,gaba,0.7543757752293554,,gaba,0.87547773357627,False,False,False,False
720575940610611246,CB0208,right,8.9,,glutamate,0.7036148813065677,,glutamate,0.5898365175299816,False,False,False,False
720575940618574749,DNg35,left,8.9,,acetylcholine,0.7967665204017822,,acetylcholine,0.9464135720783112,False,False,False,False
720575940618800064,VES043,right,8.9,,glutamate,0.8559385149804886,,glutamate,0.78525034266203,False,False,False,False
720575940627419676,DNge034,right,8.9,,glutamate,0.7091412373562439,,glutamate,0.7833846133692022,False,False,False,False
720575940634645600,CB4055,left,8.9,,acetylcholine,0.7087431133100744,,acetylcholine,0.7783002329081908,False,False,False,False
720575940636828334,CB0467,left,8.5,,acetylcholine,0.9315588483630582,,acetylcholine,0.9399448511453136,False,False,False,False
720575940638103349,CB0499,left,8.5,rattle,acetylcholine,0.8022434128551338,,acetylcholine,0.9442339551250832,False,False,False,False
720575940605513649,DNg90,right,8.1,,gaba,0.7167823832227697,,gaba,0.8834443798354072,False,False,False,False
720575940618472261,CB0707,left,8.1,,acetylcholine,0.8603462850032704,,acetylcholine,0.8623963110952738,False,False,False,False
720575940625874992,CB0910,left,8.1,,acetylcholine,0.7565967651905554,,acetylcholine,0.9329399252253286,False,False,False,False
720575940628802069,CB0880,left,8.1,,acetylcholine,0.8638507807825335,,acetylcholine,0.9063392314046884,False,False,False,False
720575940629812346,DNde002,left,8.1,,acetylcholine,0.930790167563565,,acetylcholine,0.9556501079759326,False,False,False,False
720575940635360924,CB0708,right,8.1,,acetylcholine,0.9350926973080058,,acetylcholine,0.6951741990150586,False,False,False,False
720575940644968215,CB0202,right,8.1,,acetylcholine,0.8178503143291137,,acetylcholine,0.902779192678544,False,False,False,False
720575940608601355,AN_SLP_LH_1,right,7.3,,acetylcholine,0.8965615417329589,,acetylcholine,0.9503876629448974,False,False,False,False
720575940610001220,DNge173,left,7.3,bract,acetylcholine,0.8371313730028795,,acetylcholine,0.9629666472043448,False,False,False,False
720575940620292116,CB0866,left,7.3,,gaba,0.7390969901008106,,gaba,0.8118401839821413,False,False,False,False
720575940620297819,DNge123,left,7.3,,glutamate,0.8672580182390436,,glutamate,0.8166047135324234,False,False,False,False
720575940625045180,CB0910,right,7.3,,acetylcholine,0.7757011258678274,,acetylcholine,0.9329399252253286,False,False,False,False
720575940660223873,CB0247,left,7.3,,acetylcholine,0.9057878333858872,,acetylcholine,0.8102985349102867,False,False,False,False
720575940615153494,CB0416,right,6.7,,acetylcholine,0.89490074703429,,acetylcholine,0.9421789747653726,False,False,False,False
720575940611988197,CB0117,left,6.5,,acetylcholine,0.875248118929353,,acetylcholine,0.8355790552112371,False,False,False,False
720575940627704392,CB0370,right,6.5,kitty,gaba,0.7279047197024194,,gaba,0.8332878804530792,False,False,False,False
720575940645352814,DNge040,left,6.5,,glutamate,0.7745298346597437,,glutamate,0.7463055959532592,False,False,False,False
720575940620001360,VES018,right,6.1,,gaba,0.7926908974786445,,gaba,0.8592714414516264,False,False,False,False
720575940629623351,CB0922,left,6.1,,acetylcholine,0.8082364847359168,,acetylcholine,0.810218108478521,False,False,False,False
720575940630820919,CB0855,right,6.1,,acetylcholine,0.8412184104139209,,acetylcholine,0.9129408105639152,False,False,False,False
720575940611164770,CB0226,right,5.6,,acetylcholine,0.8936565968325327,,acetylcholine,0.8731942523377128,False,False,False,False
720575940627814728,CB0278,left,5.6,,acetylcholine,0.8684626767763093,,acetylcholine,0.8439034047494863,False,False,False,False
720575940641480949,DNg16,right,5.6,,acetylcholine,0.8475873864824515,,acetylcholine,0.9404595500008353,False,False,False,False
720575940612537061,CB0358,right,5.5,,gaba,0.790997902412384,,gaba,0.87547773357627,False,False,False,False
720575940625641402,DNge018,left,5.5,,acetylcholine,0.8838963931988881,,acetylcholine,0.9559404725728492,False,False,False,False
720575940626191306,CB0445,left,5.5,,acetylcholine,0.9055505070178717,,acetylcholine,0.5251399464125254,False,False,False,False
720575940627086594,CB0035,left,5.5,,acetylcholine,0.8935989923211977,,acetylcholine,0.9404414607259268,False,False,False,False
720575940639170723,DNde002,right,5.5,,acetylcholine,0.9288406162035864,,acetylcholine,0.9556501079759326,False,False,False,False
720575940610258552,CB0603,left,4.9,,acetylcholine,0.8802873286650138,,acetylcholine,0.9319449205871928,False,False,False,False
720575940621519130,DNa16,right,4.9,,acetylcholine,0.78878451813127,,acetylcholine,0.9629600623297744,False,False,False,False
720575940615023535,DNge062,right,4.8,,acetylcholine,0.920598895280194,,acetylcholine,0.9331785065872596,False,False,False,False
720575940612208858,CB0792,right,4.3,,gaba,0.7166090021801019,,gaba,0.8681258072096489,False,False,False,False
720575940612603289,DNg75,right,4.3,,acetylcholine,0.8357312665440203,,acetylcholine,0.9588165140500124,False,False,False,False
720575940627779983,CB0603,right,4.3,,acetylcholine,0.8638196371351501,,acetylcholine,0.9319449205871928,False,False,False,False
720575940627828296,CB0885,left,4.3,,acetylcholine,0.7697657496281152,,acetylcholine,0.9120153857329922,False,False,False,False
720575940621468404,CB0045,right,4.0,spirit,acetylcholine,0.9255020833158202,,acetylcholine,0.9487062713608588,False,False,False,False
720575940635696279,CB0704,left,4.0,,glutamate,0.7758212368139922,,unclear,0.4478044962724127,False,False,False,False
720575940614660519,CB0461,right,3.7,justice,dopamine,0.7015058168636079,,unclear,0.6386854489249537,False,False,False,False
720575940635211115,CB0865,right,3.7,,gaba,0.7880159777887285,,gaba,0.8596998032344865,False,False,False,False
720575940621835174,CB0202,left,3.2,,acetylcholine,0.7877956666378626,,acetylcholine,0.902779192678544,False,False,False,False
720575940637360730,CB3813,right,3.2,fluff,gaba,0.7391231228383032,,gaba,0.8180137581459676,False,False,False,False
720575940630771449,CB0799,right,3.0,,acetylcholine,0.8166554702609977,,acetylcholine,0.8742572215905684,False,False,False,False
720575940633373651,CB0885,right,3.0,,acetylcholine,0.7298500024546082,,acetylcholine,0.9120153857329922,False,False,False,False
720575940647030324,CB0038,right,3.0,Fdg,acetylcholine,0.8779487994057107,,acetylcholine,0.957430375892608,False,False,False,False
720575940618859480,CB0137,left,2.4,,acetylcholine,0.9117452834431186,,acetylcholine,0.7120968736439899,False,False,False,False
720575940620271636,CB0362,right,2.4,,acetylcholine,0.8118898943568454,,acetylcholine,0.8898962990790535,False,False,False,False
720575940628815381,,left,2.4,,glutamate,0.7293119219249091,,,,False,False,False,False
720575940632722515,CB0676,left,2.4,,acetylcholine,0.9616415105074484,,acetylcholine,0.9498585205763116,False,False,False,False
720575940637790527,CB0130,left,2.4,,acetylcholine,0.9505013915968488,,acetylcholine,0.821520093635466,False,False,False,False
720575940610173048,DNg28,right,1.8,,acetylcholine,0.8421679533204544,serotonin; serotonin,serotonin,0.3089735156258753,False,False,False,False
720575940619176094,CB0251,left,1.8,,acetylcholine,0.9205102967019724,,acetylcholine,0.9326156012088308,False,False,False,False
720575940627083294,CB0473,right,1.8,,acetylcholine,0.8758748907335612,,acetylcholine,0.9460119003597036,False,False,False,False
720575940626860421,CB0733,left,1.6,,glutamate,0.768835267331964,,glutamate,0.6841105041450771,False,False,False,False
720575940612357618,CB0393,right,1.2,,acetylcholine,0.7684336175181182,,acetylcholine,0.9257908431783196,False,False,False,False
720575940615811670,CB0247,right,1.2,,acetylcholine,0.91235085710001,,acetylcholine,0.8102985349102867,False,False,False,False
720575940621411749,CB0574,left,1.2,,acetylcholine,0.8889519982198638,,acetylcholine,0.8730414946169017,False,False,False,False
720575940624710653,CB0543,right,1.2,broom,gaba,0.8716764345032388,,gaba,0.5930001707313275,False,False,False,False
720575940630548751,CB0041,right,1.2,hyacinth,glutamate,0.7540843072470801,,glutamate,0.7580034423857412,False,False,False,False
720575940632962786,DNa16,left,0.8,,acetylcholine,0.7563913653909572,,acetylcholine,0.9629600623297744,False,False,False,False
720575940631967506,CB0005,right,0.6,,gaba,0.7132203454946645,,gaba,0.8008627910583248,False,False,False,False
720575940633116256,PS172,left,0.6,,glutamate,0.7968355606844361,,glutamate,0.7113254215117527,False,False,False,False
720575940607387314,CB0501,right,0.0,,acetylcholine,0.8143108090934605,,acetylcholine,0.8151660908047398,False,False,False,False
720575940607689394,cL22a,left,0.0,,gaba,0.8883524880714146,,gaba,0.8718447322039072,False,False,False,False
720575940610609454,CB3623,right,0.0,,acetylcholine,0.8864554970891725,acetylcholine; gaba-negative,acetylcholine,0.8692441828623596,False,False,False,False
720575940611411057,CB0653,right,0.0,earmuff,gaba,0.7956154688330761,,gaba,0.6254970388911141,False,False,False,False
720575940617672920,PS172,right,0.0,,glutamate,0.7088000988976678,,glutamate,0.7113254215117527,False,False,False,False
720575940618116569,cL20,left,0.0,,gaba,0.8528932772520949,,gaba,0.8773785598114731,False,False,False,False
720575940618153105,LT37,left,0.0,,gaba,0.8985706281799711,,gaba,0.8490692893206149,False,False,False,False
720575940621148948,cL20,right,0.0,,gaba,0.8482140596103047,,gaba,0.8773785598114731,False,False,False,False
720575940623072013,LT37,right,0.0,,gaba,0.8925174179524527,,gaba,0.8490692893206149,False,False,False,False
720575940625310014,SLP234,right,0.0,,acetylcholine,0.949364758846182,,acetylcholine,0.9602448665616244,False,False,False,False
720575940628995331,CB0811,left,0.0,,acetylcholine,0.789497502626908,,acetylcholine,0.9066361641826032,False,False,False,False
720575940629855787,cL22a,right,0.0,,gaba,0.8964505533675414,,gaba,0.8718447322039072,False,False,False,False
720575940632659404,CB0337,left,0.0,,gaba,0.8229799155116034,,gaba,0.7788422590657124,False,False,False,False
720575940634210155,CB0177,right,0.0,,acetylcholine,0.9287780775644104,,acetylcholine,0.9574685434195144,False,False,False,False
720575940636346487,CB0811,left,0.0,,acetylcholine,0.8049638825823117,,acetylcholine,0.9066361641826032,False,False,False,False
720575940637656286,CB0811,right,0.0,,acetylcholine,0.7914350581874116,,acetylcholine,0.9066361641826032,False,False,False,False
720575940639785379,CB0421,left,0.0,,acetylcholine,0.8187901269686276,,acetylcholine,0.9261272041806872,False,False,False,False
