flip,C1,F1,G1,E1,O1,N1,f1,g1,e1,dm1,upn_other,n1_late,protect_ok,cand_O1,cand_N1
CB0008,True,True,True,True,False,False,113.3,53.3,104.0,399.0,197.2,0.0,True,False,False
CB1058,True,True,True,True,False,False,94.3,53.3,104.0,399.0,197.1,0.0,True,False,False
CB1079,True,True,True,True,False,False,94.3,53.3,104.0,398.7,197.3,0.0,True,False,False
"CB1141,CB1285",True,True,True,True,False,False,94.3,53.3,104.0,399.0,196.8,0.0,True,False,False
CB1357,True,True,True,True,False,False,94.3,53.3,104.0,398.7,197.1,0.0,True,False,False
CB1363,True,True,True,True,False,False,94.3,53.3,104.0,398.3,197.2,0.0,True,False,False
CB1401,True,True,True,True,False,False,94.3,53.3,104.0,398.7,197.3,0.0,True,False,False
CB1454,True,True,True,True,False,False,94.3,53.3,104.0,398.7,197.2,0.0,True,False,False
CB1546,True,True,True,True,False,False,94.3,53.3,104.0,399.0,197.7,0.0,True,False,False
CB1664,True,True,True,True,False,False,94.3,53.3,104.0,399.0,197.4,0.0,True,False,False
CB1824,True,True,True,True,False,False,94.3,53.3,104.0,398.7,196.5,0.0,True,False,False
CB2018,True,True,True,True,False,False,94.3,53.3,104.0,399.0,197.2,0.0,True,False,False
CB2064,True,True,True,True,False,False,94.3,53.3,104.0,399.0,197.2,0.0,True,False,False
CB2293,True,True,True,True,False,False,94.3,53.3,104.0,398.7,197.2,0.0,True,False,False
CB2357,True,True,True,True,False,False,94.3,53.3,104.0,399.0,197.2,0.0,True,False,False
CB2463,True,True,True,True,False,False,94.3,53.3,104.0,399.0,197.2,0.0,True,False,False
CB2678,True,True,True,True,False,False,94.3,53.3,104.0,398.7,197.7,0.0,True,False,False
CB3007,True,True,True,True,False,False,94.3,53.3,104.0,399.0,197.3,0.0,True,False,False
CB3417,True,True,True,True,False,False,94.3,53.3,104.0,399.3,198.2,0.0,True,False,False
Delta7,True,True,True,True,False,False,94.3,53.3,104.0,399.0,197.2,0.0,True,False,False
Dm17,True,True,True,True,False,False,94.3,53.3,103.3,399.0,197.1,0.0,True,False,False
FB4Z,True,True,True,True,False,False,94.3,53.3,104.0,399.0,197.1,0.0,True,False,False
HRN_VP1l,True,True,True,True,False,False,94.3,53.3,104.0,398.7,200.7,0.0,True,False,False
HRN_VP5,True,True,True,True,False,False,94.3,53.3,104.0,399.0,197.1,0.0,True,False,False
KCab,True,True,True,True,False,False,94.3,53.3,104.0,399.0,197.2,0.0,True,False,False
KCapbp-ap1,True,True,True,True,False,False,94.3,53.3,104.0,398.7,197.1,0.0,True,False,False
KCapbp-ap2,True,True,True,True,False,False,94.3,53.3,104.0,398.7,197.1,0.0,True,False,False
KCapbp-m,True,True,True,True,False,False,94.3,53.3,104.0,398.7,197.2,0.0,True,False,False
KCg-d,True,True,True,True,False,False,94.3,53.3,104.0,399.0,197.2,0.0,True,False,False
KCg-m,True,True,True,True,False,False,94.3,53.3,104.0,399.0,197.4,0.0,True,False,False
"LHAD1b2_a,LHAD1b2_c",True,True,True,True,False,False,94.3,53.3,104.0,399.0,197.1,0.0,True,False,False
LHAV4a1_b,True,True,True,True,False,False,94.3,53.3,104.0,399.7,198.7,0.0,True,False,False
LHAV4a4,True,True,True,True,False,False,94.3,53.3,104.0,399.0,198.1,0.0,True,False,False
LHAV4c1,True,True,True,True,False,False,94.3,53.3,104.0,398.7,197.2,0.0,True,False,False
LHPD4a1,True,True,True,True,False,False,94.3,53.3,104.0,399.0,197.8,0.0,True,False,False
LHPV2a1_c,True,True,True,True,False,False,94.3,53.3,104.0,398.7,197.1,0.0,True,False,False
LHPV2b5,True,True,True,True,False,False,94.3,53.3,104.0,399.0,197.2,0.0,True,False,False
LHPV2f2,True,True,True,True,False,False,94.3,53.3,104.0,398.7,197.2,0.0,True,False,False
LHPV4a1,True,True,True,True,False,False,94.3,53.3,104.0,399.0,197.1,0.0,True,False,False
Lai,True,True,True,True,False,False,94.3,53.3,104.0,398.7,197.2,0.0,True,False,False
Lawf2,True,True,True,True,False,False,94.3,53.3,103.3,399.0,197.2,0.0,True,False,False
MBON10,True,True,True,True,False,False,94.3,53.3,104.0,399.0,197.2,0.0,True,False,False
ORN_D,True,True,True,True,False,False,94.3,53.3,104.0,399.0,195.0,0.0,True,False,False
ORN_DA1,True,True,True,True,False,False,94.3,53.3,104.0,398.7,196.8,0.0,True,False,False
ORN_DA2,True,True,True,True,False,False,94.3,53.3,104.0,399.0,196.9,0.0,True,False,False
ORN_DA4m,True,True,True,True,False,False,94.3,53.3,104.0,399.0,196.9,0.0,True,False,False
ORN_DC1,True,True,True,True,False,False,94.3,53.3,104.0,399.0,197.0,0.0,True,False,False
ORN_DC3,True,True,True,True,False,False,94.3,53.3,104.0,398.7,196.9,0.0,True,False,False
ORN_DL1,True,True,True,True,False,False,94.3,53.3,104.0,398.7,197.1,0.0,True,False,False
ORN_DL3,True,True,True,True,False,False,94.3,53.3,104.0,399.0,197.0,0.0,True,False,False
ORN_DL4,True,True,True,True,False,False,94.3,53.3,104.0,399.0,197.1,0.0,True,False,False
ORN_DL5,True,True,True,True,False,False,94.3,53.3,104.0,398.7,197.0,0.0,True,False,False
ORN_DM3,True,True,True,True,False,False,94.3,53.3,104.0,398.7,197.0,0.0,True,False,False
ORN_DM6,True,True,True,True,False,False,94.3,53.3,104.0,398.7,195.6,0.0,True,False,False
ORN_V,True,True,True,True,False,False,94.3,53.3,104.0,399.0,197.2,0.0,True,False,False
ORN_VA1d,True,True,True,True,False,False,94.3,53.3,104.0,398.7,197.1,0.0,True,False,False
ORN_VA1v,True,True,True,True,False,False,94.3,53.3,104.0,398.7,196.7,0.0,True,False,False
ORN_VA6,True,True,True,True,False,False,94.3,53.3,104.0,399.0,197.1,0.0,True,False,False
ORN_VA7m,True,True,True,True,False,False,94.3,53.3,104.0,398.7,196.9,0.0,True,False,False
ORN_VC1,True,True,True,True,False,False,94.3,53.3,104.0,398.7,197.1,0.0,True,False,False
ORN_VC2,True,True,True,True,False,False,94.3,53.3,104.0,398.7,197.0,0.0,True,False,False
ORN_VL1,True,True,True,True,False,False,94.3,53.3,104.0,399.0,197.1,0.0,True,False,False
ORN_VL2a,True,True,True,True,False,False,94.3,53.3,104.0,398.7,197.0,0.0,True,False,False
ORN_VM1,True,True,True,True,False,False,94.3,53.3,104.0,399.0,196.6,0.0,True,False,False
ORN_VM3,True,True,True,True,False,False,94.3,53.3,104.0,398.7,197.0,0.0,True,False,False
ORN_VM4,True,True,True,True,False,False,94.3,53.3,104.0,399.0,196.9,0.0,True,False,False
ORN_VM7d,True,True,True,True,False,False,94.3,53.3,104.0,399.0,196.2,0.0,True,False,False
PAM04,True,True,True,True,False,False,94.3,53.3,104.0,399.0,197.2,0.0,True,False,False
PAM08,True,True,True,True,False,False,94.3,53.3,104.0,399.0,197.2,0.0,True,False,False
PAM12,True,True,True,True,False,False,94.3,53.3,104.0,398.7,197.2,0.0,True,False,False
PEN_b(PEN2),True,True,True,True,False,False,94.3,53.3,104.0,399.0,197.2,0.0,True,False,False
PFR,True,True,True,True,False,False,94.3,53.3,104.0,399.0,197.1,0.0,True,False,False
"PLP026,PLP027",True,True,True,True,False,False,94.3,53.3,104.0,399.0,197.1,0.0,True,False,False
"PLP041,PLP043",True,True,True,True,False,False,94.3,53.3,104.0,399.0,197.2,0.0,True,False,False
lLN1_bc,True,True,True,True,False,False,94.3,53.3,104.0,363.3,130.6,0.0,True,False,False
lLN2P_a,True,True,True,True,False,False,94.3,53.3,104.0,399.0,198.1,0.0,True,False,False
lLN2P_b,True,True,True,True,False,False,94.3,53.3,104.0,397.7,179.3,0.0,True,False,False
lLN2P_c,True,True,True,True,False,False,94.3,53.3,104.0,402.3,224.3,0.0,True,False,False
lLN2X12,True,True,True,True,False,False,94.3,53.3,104.0,391.0,177.6,0.0,True,False,False
none,True,True,True,True,False,False,94.3,53.3,104.0,399.0,197.2,0.0,True,False,False
v2LN3A1_b,True,True,True,True,False,False,94.3,53.3,104.0,399.0,196.7,0.0,True,False,False
vDeltaF,True,True,True,True,False,False,94.3,53.3,104.0,398.7,197.1,0.0,True,False,False
