flip,F1,F2,F3,F4,F5,R,U,Q,score,guard_ok,P1_sugar150,P2_water150,P3_bitter150,P4_sugar_bitter,P5_sugar_ir94e,P6_sugar50,P7_sugar50_koRattle,P8_sugar50_koUsnea,P9_sugar50_koRoundup
AN_GNG_PRW_2,True,False,True,True,True,True,False,False,5,True,100.0,11.0,0.0,1.2,12.2,15.5,5.5,15.2,0.5
AN_GNG_PRW_3,True,False,True,True,True,True,False,False,5,True,94.5,11.0,0.0,1.5,12.0,15.5,5.5,15.2,0.5
CB0008,True,True,True,True,True,False,True,False,6,True,112.0,72.5,0.0,2.2,30.5,24.0,23.8,15.2,7.0
CB0087,True,False,True,True,True,True,False,False,5,True,114.0,11.0,0.0,14.5,63.0,25.2,14.2,31.0,5.2
CB0088,True,False,True,True,True,True,False,False,5,True,102.2,10.0,0.0,1.2,10.0,15.5,5.5,16.2,0.5
CB0110,True,False,True,True,True,True,False,False,5,True,99.8,11.0,0.0,2.2,9.2,16.5,5.5,15.2,0.5
CB0159,True,False,True,True,True,True,False,False,5,True,94.5,11.0,0.0,0.2,0.0,15.5,5.5,15.2,0.5
CB0272,True,False,True,True,True,True,False,False,5,True,98.8,11.0,0.0,1.5,8.5,15.5,5.5,15.2,0.5
CB0413,True,False,True,True,True,True,False,False,5,True,104.0,11.0,0.0,1.5,12.2,15.2,5.2,15.2,0.5
CB0494,True,False,True,True,True,True,False,False,5,True,96.8,11.0,0.0,1.2,10.5,15.5,5.5,17.8,0.5
CB0548,True,False,True,True,True,True,False,False,5,True,100.0,10.8,0.0,1.5,10.8,14.5,7.5,15.2,1.0
CB0561,True,False,True,True,True,True,False,False,5,True,111.2,12.2,0.0,1.2,8.5,17.2,6.5,20.8,0.5
CB0573,True,False,True,True,True,True,False,False,5,True,98.2,10.0,0.0,1.5,3.5,12.0,5.2,13.8,0.8
CB0700,True,False,True,True,True,True,False,False,5,True,100.8,11.0,0.0,1.5,15.8,15.8,6.2,16.2,0.8
CB0762,True,False,True,True,True,True,False,False,5,True,93.8,10.8,0.0,1.5,8.2,18.0,8.8,21.2,0.8
CB0778,True,False,True,True,True,True,False,False,5,True,106.0,11.0,0.0,2.2,11.2,16.0,5.8,16.8,0.5
CB0789,True,False,True,True,True,True,False,False,5,True,98.2,11.2,0.0,1.5,8.5,15.5,5.5,15.2,0.5
CB0836,True,False,True,True,True,True,False,False,5,True,97.8,11.0,0.0,1.5,9.8,15.5,5.5,15.2,0.5
CB0845,True,False,True,True,True,True,False,False,5,True,100.2,11.0,0.0,1.5,11.2,18.5,5.5,17.5,0.5
CB0847,True,False,True,True,True,True,False,False,5,True,100.5,11.0,0.0,1.2,7.2,17.0,5.5,14.5,0.5
CB0853,True,False,True,True,True,False,False,False,4,True,120.5,14.8,0.0,2.2,11.8,21.0,18.5,28.0,4.5
CB0858,True,False,True,True,True,True,False,False,5,True,100.8,11.8,0.0,1.8,10.5,17.0,6.2,17.0,0.5
CB0871,True,False,True,True,True,True,False,False,5,True,101.8,10.5,0.0,1.5,9.8,16.5,5.5,17.2,0.8
CB0875,True,False,True,True,True,True,False,False,5,True,94.5,11.0,0.0,1.2,8.5,15.5,5.5,15.2,0.5
CB0881,True,False,True,True,True,True,False,False,5,True,100.2,12.5,0.0,2.8,13.5,15.5,5.5,15.2,0.5
CB0882,True,False,True,True,True,True,False,False,5,True,94.5,11.0,0.0,1.0,8.5,16.2,5.5,15.2,0.5
CB0890,True,False,True,True,True,True,False,False,5,True,95.8,11.0,0.0,2.5,12.2,18.2,7.8,16.5,0.5
CB0896,True,False,True,True,True,True,False,False,5,True,152.8,12.5,0.0,2.5,14.0,22.0,5.5,26.0,0.5
CB0911,True,False,True,True,True,True,False,False,5,True,96.8,11.2,0.0,1.5,9.2,13.5,8.8,17.5,1.0
CB1093,True,False,True,True,True,True,False,False,5,True,101.0,11.0,0.0,1.0,14.0,13.2,9.5,19.0,0.0
CB1366,True,False,True,True,True,True,False,False,5,True,105.5,11.0,0.0,2.0,13.5,16.5,8.0,17.5,0.8
CB2403,True,False,True,True,True,True,False,False,5,True,100.2,11.0,0.0,1.0,11.2,15.0,6.8,15.5,0.5
CB3958,True,False,True,True,True,True,False,False,5,True,94.8,11.5,0.0,1.5,11.5,13.5,5.0,17.5,0.5
DNg103,True,False,True,True,True,True,False,False,5,True,98.5,11.0,0.0,1.8,19.0,12.8,5.8,23.8,2.0
DNg105,True,False,True,True,True,True,False,False,5,True,97.8,11.0,0.0,1.5,8.5,15.0,5.5,15.5,0.5
DNg28,True,False,True,True,True,True,False,False,5,True,99.8,11.0,0.0,1.2,15.2,14.5,6.0,19.2,0.5
DNg31,True,False,True,True,True,True,False,False,5,True,97.8,11.0,0.0,1.5,12.2,16.2,6.8,17.8,0.5
DNg96,True,False,True,True,True,True,False,False,5,True,96.5,11.0,0.0,1.5,12.0,12.8,7.5,18.5,0.5
DNge043,True,False,True,True,True,True,False,False,5,True,99.5,11.0,0.0,1.5,8.5,15.5,5.5,15.2,0.5
ENS2,True,False,True,True,True,True,False,False,5,True,95.8,11.0,0.0,1.2,15.8,15.8,6.2,15.8,0.5
MN10,True,False,True,True,True,True,False,False,5,True,102.5,11.0,0.0,1.5,11.8,16.8,5.5,17.0,0.5
MNx01,True,False,True,True,True,True,False,False,5,True,91.8,11.0,0.0,2.2,18.0,16.8,8.5,18.0,1.0
PS116,True,False,True,True,True,True,False,False,5,True,101.5,11.0,0.0,1.5,8.5,15.5,5.5,15.2,0.5
PS279,True,False,True,True,True,True,False,False,5,True,101.0,11.0,0.0,1.5,11.8,15.8,5.5,15.8,0.5
none,True,False,True,True,True,True,False,False,5,True,94.5,11.0,0.0,1.5,8.5,15.5,5.5,15.2,0.5
