v630,v783,cos,second,type,already_in_type,flag
720575940608901897,720575940622361270,1.0,0.655,ruby,False,False
720575940610056772,720575940626798736,0.999,0.466,kitty,False,False
720575940610690372,720575940633941293,1.0,0.469,marge,False,False
720575940612107673,720575940612991381,1.0,0.473,bamboo,False,False
720575940613043939,720575940637321079,0.999,0.679,basket,False,False
720575940613735391,720575940624010339,0.999,0.821,rocket,False,False
720575940614223154,720575940629987587,0.999,0.84,mime,False,False
720575940614897458,720575940633968045,1.0,0.929,diatom,False,False
720575940616172033,720575940633571020,1.0,0.782,oink,False,False
720575940616623590,720575940639142116,0.997,0.684,vice,False,False
720575940616648251,720575940641689040,1.0,0.637,mandala,False,False
720575940616857174,720575940610482883,0.998,0.407,TH_VUM,False,False
720575940616921629,720575940624991495,0.998,0.962,mute,False,True
720575940617563577,720575940612963570,1.0,0.253,landslide,False,False
720575940618299216,720575940628031896,1.0,0.956,basket,False,True
720575940618864725,720575940633195148,0.986,0.903,Salivary_MN13,False,False
720575940618926757,720575940635954879,0.993,0.622,gallinule,False,False
720575940619048827,720575940628743752,0.999,0.738,tinctoria,False,False
720575940619196848,720575940610499523,1.0,0.95,rocket,False,False
720575940619455879,720575940623137818,0.994,0.945,Salivary_MN13,False,True
720575940619462128,720575940627806616,1.0,0.876,rocket,False,False
720575940619985243,720575940632998028,1.0,0.569,peafowl,False,False
720575940620287623,720575940625132797,1.0,0.46,gazebo,False,False
720575940620306300,720575940627376702,0.999,0.651,aDT6,False,False
720575940620527830,720575940634726113,1.0,0.493,handle,False,False
720575940620916360,720575940637546341,1.0,0.88,rocket,False,False
720575940620950554,720575940619070721,0.999,0.863,rocket,False,False
720575940621326324,720575940617019846,1.0,0.716,good_dog,False,False
720575940621517481,720575940635690391,0.996,0.759,pSG1,False,False
720575940621522352,720575940613019541,1.0,0.811,oval,False,False
720575940621583286,720575940632898105,1.0,0.543,damsel,False,False
720575940621982413,720575940624528068,1.0,0.907,aster,False,False
720575940622028778,720575940661333889,1.0,0.728,horseshoe,False,False
720575940623301256,720575940628504849,0.999,0.691,gallinule,False,False
720575940623366538,720575940613747734,0.996,0.566,doublescoop,False,False
720575940624038663,720575940636656632,1.0,0.935,web,False,False
720575940626519704,720575940623853837,0.994,0.697,gallinule,False,False
720575940626770057,720575940628372613,0.997,0.438,shark,False,False
720575940628046635,720575940628530961,0.996,0.667,gallinule,False,False
720575940628362058,720575940621624491,0.999,0.666,brontosaraus,False,False
720575940628469508,720575940622229825,0.954,0.448,weaver,False,False
720575940628546807,720575940622111073,0.997,0.848,weaver,False,False
720575940629210490,720575940621668079,1.0,0.894,spray,False,False
720575940629437378,720575940623380556,1.0,0.324,turner,False,False
720575940629663596,720575940633521828,0.999,0.614,gallinule,False,False
720575940629977192,720575940637436814,0.997,0.818,rocket,False,False
720575940629997050,720575940637659790,0.884,0.881,pSG1,False,True
720575940630094652,720575940631179831,1.0,0.685,hound,False,False
720575940630620687,720575940610079957,0.998,0.69,gallinule,False,False
720575940631237203,720575940627081534,1.0,0.918,peacock,False,False
720575940631448874,720575940629861163,0.996,0.268,earmuff,False,False
720575940632722636,720575940633529548,1.0,0.937,web,False,False
720575940632835923,720575940646530414,1.0,0.418,Asteroid,False,False
720575940633376301,720575940618736797,0.984,0.936,aSG1,False,True
720575940634147936,720575940661114753,1.0,0.915,TPN4,False,False
720575940634333631,720575940622491632,1.0,0.268,bamboo,False,False
720575940635112544,720575940637656974,0.999,0.519,meteor,False,False
720575940635175007,720575940613825814,1.0,0.407,justice,False,False
720575940638597283,720575940633017903,0.994,0.664,gallinule,False,False
720575940639485648,720575940634545634,0.997,0.696,gallinule,False,False
720575940640464373,720575940628504081,1.0,0.653,gallinule,False,False
720575940645474583,720575940618547641,0.999,0.427,meteor,False,False
720575940645859972,720575940612738197,0.998,0.672,gallinule,False,False
720575940646530612,720575940621256384,0.999,0.668,mist,False,False
